Loan_ID,Age,Gender,Annual_Income,Employment_Type,Credit_Score,Loan_Amount,Interest_Rate,Loan_Term,Existing_Debt,Loan_Purpose,Education,Marital_Status,Property_Area,Default
L100002,47,Male,550013,Self-Employed,615,82523,13.13,24,5146,Car,Graduate,Single,Rural,1
L100003,23,Male,232820,Self-Employed,540,630358,13.62,24,389461,Home,Graduate,Single,Rural,1
L100004,34,Male,654664,Salaried,747,864306,11.93,36,396392,Personal,Graduate,Married,Semiurban,0
L100005,36,Male,705982,Salaried,742,451718,15.68,24,120753,Business,Graduate,Married,Urban,0
L100006,48,Female,507174,Salaried,327,1772170,9.69,24,302736,Personal,Non-Graduate,Single,Rural,0
L100007,45,Female,1125922,Salaried,551,1798859,12.19,12,428790,Personal,Graduate,Single,Rural,0
L100008,24,Female,1072698,Salaried,613,872760,12.89,12,439482,Car,Graduate,Single,Semiurban,0
L100009,48,Female,429662,Self-Employed,,705944,12.16,12,66257,Education,Non-Graduate,Single,Rural,1
L100010,22,,300872,Self-Employed,626,682873,10.66,36,297118,Home,Graduate,Single,Urban,1
L100011,23,Male,872207,Salaried,,641846,10.4,60,112035,Education,Graduate,Single,Urban,1
L100012,23,Female,1398395,Self-Employed,564,723160,15.88,24,167026,Home,Graduate,Single,Urban,0
L100013,24,Male,1150426,Salaried,643,537885,11.93,12,142865,Personal,Non-Graduate,Married,Rural,0
L100014,36,Male,1083784,Salaried,881,768640,8.08,24,456994,Personal,Graduate,Single,Rural,0
L100015,58,Male,1060119,Self-Employed,857,1793261,7.83,36,261214,Car,Graduate,Married,Urban,0
L100016,22,Female,1037753,Self-Employed,609,1536793,15.69,36,439749,Home,Graduate,Married,Semiurban,1
L100017,43,Male,243400,Salaried,735,812418,9.15,60,451137,Car,Graduate,Married,Rural,0
L100018,26,Female,427256,Salaried,735,511539,15.95,48,253293,Home,Non-Graduate,Single,Rural,0
L100019,27,Female,1212157,Salaried,499,578151,15.94,36,346154,Car,Graduate,Single,Semiurban,0
L100020,48,Female,395278,Self-Employed,384,1069531,11.88,24,383090,Car,Non-Graduate,Married,Rural,1
L100021,58,Male,1208177,Self-Employed,798,827694,11.42,12,328468,Car,Non-Graduate,Married,Semiurban,0
L100022,40,Male,551990,Self-Employed,616,603257,7.85,12,223931,Car,Graduate,Single,Semiurban,0
L100023,26,Female,488528,Salaried,425,996669,7.66,36,459446,Education,Non-Graduate,Single,Semiurban,1
L100024,45,Male,1350071,Salaried,405,734303,8.12,48,78061,Education,Non-Graduate,Married,Urban,0
L100025,47,Female,1353016,Salaried,447,497614,8.35,12,93821,Personal,Graduate,Single,Rural,0
L100026,23,Male,1302951,Self-Employed,777,1299571,16.34,48,200348,Car,Graduate,Married,Semiurban,0
L100027,26,Male,352693,Salaried,503,465054,15.02,24,463389,Business,Graduate,Married,Urban,1
L100028,51,Male,1377048,Self-Employed,525,635328,13.05,48,246851,Personal,Non-Graduate,Married,Semiurban,0
L100029,23,Female,601082,Self-Employed,803,680164,12.82,48,187274,Business,Non-Graduate,Married,Urban,1
L100030,35,Male,1111809,Salaried,313,1006451,9.85,12,329494,Education,Non-Graduate,Single,Urban,0
L100031,36,Male,1128381,Self-Employed,,1692493,12.77,24,207067,Education,Graduate,Married,Urban,0
L100032,40,Female,420343,Self-Employed,798,445795,10.7,36,123583,Business,Non-Graduate,Married,Urban,1
L100033,56,Female,1106535,Salaried,582,989956,11.3,60,127992,Home,Graduate,Single,Rural,0
L100034,39,Female,214687,Self-Employed,747,191571,13.31,24,394420,Car,Non-Graduate,Single,Rural,0
L100035,37,Male,571889,Self-Employed,413,1971041,7.68,36,49384,Personal,Graduate,Single,Semiurban,0
L100036,31,,1149549,Self-Employed,808,1019673,14.38,48,20872,Education,Graduate,Single,Rural,0
L100037,34,Male,405389,Self-Employed,537,221563,8.73,24,82503,Business,Graduate,Married,Urban,1
L100038,45,Female,568517,Self-Employed,,1102962,8.75,24,247926,Car,Graduate,Married,Rural,0
L100039,26,Male,658087,Self-Employed,423,416978,13.21,60,379912,Education,Non-Graduate,Married,Urban,0
L100040,48,Female,302325,Self-Employed,397,637743,10.05,24,70493,Car,Non-Graduate,Married,Semiurban,1
L100041,21,Male,941500,Salaried,621,863461,12.02,48,287341,Personal,Non-Graduate,Single,Rural,0
L100042,29,Female,653461,Salaried,534,1614680,13.7,36,448496,Home,Graduate,Single,Urban,1
L100043,58,Male,1190235,Salaried,467,1027390,13.99,36,375376,Home,Graduate,Single,Urban,0
L100044,32,Male,825005,Self-Employed,607,979287,8.27,12,435513,Home,Non-Graduate,Single,Rural,0
L100045,44,Male,992585,Salaried,888,561408,10.63,60,380468,Business,Non-Graduate,Single,Rural,0
L100046,34,Male,947177,Salaried,787,692499,14.21,48,248596,Education,Graduate,Married,Urban,0
L100047,57,Female,1222965,Self-Employed,377,1250979,7.77,12,428433,Home,Graduate,Married,Semiurban,0
L100048,25,Male,1061888,Salaried,638,1611870,12.69,36,238462,Education,Non-Graduate,Single,Rural,1
L100049,58,Male,749894,Salaried,326,623106,16.22,48,74916,Education,Non-Graduate,Married,Semiurban,0
L100050,40,Male,872526,Self-Employed,610,1944934,8.99,24,239960,Education,Non-Graduate,Single,Rural,0
L100051,22,Female,549980,Salaried,315,490108,12.75,48,6096,Car,Non-Graduate,Married,Urban,0
L100052,53,Female,629643,Self-Employed,843,213519,14.45,60,476529,Personal,Non-Graduate,Married,Urban,0
L100053,27,Female,571212,Self-Employed,529,739986,8.58,12,126219,Home,Graduate,Married,Urban,0
L100054,56,Female,1248463,Self-Employed,851,703613,9.07,24,406316,Personal,Graduate,Single,Rural,0
L100055,40,Female,527412,Self-Employed,391,1193752,13.05,12,436198,Personal,Non-Graduate,Single,Rural,0
L100056,58,Female,982296,Salaried,867,810070,15.8,48,349924,Home,Graduate,Married,Semiurban,0
L100057,39,Male,1095576,Salaried,407,830130,9.09,48,409232,Business,Non-Graduate,Married,Urban,0
L100058,33,Male,282123,Salaried,613,379360,13.12,60,222998,Business,Non-Graduate,Married,Semiurban,0
L100059,40,Male,311487,Salaried,503,758839,14.83,60,69713,Education,Graduate,Single,Semiurban,1
L100060,45,Male,746220,Self-Employed,887,1861522,11.96,60,497372,Car,Non-Graduate,Married,Urban,0
L100061,34,Female,491614,Self-Employed,449,1672484,15.58,36,242351,Personal,Non-Graduate,Married,Urban,1
L100062,52,Male,825140,Salaried,396,320159,9,12,215461,Personal,Non-Graduate,Single,Urban,0
L100063,48,Male,1142416,Salaried,478,426382,12.32,48,188734,Home,Graduate,Single,Urban,0
L100064,48,Male,1000298,Self-Employed,387,1073977,10.03,48,448275,Business,Graduate,Married,Urban,0
L100065,44,Male,710366,Self-Employed,842,790790,12.45,36,95954,Personal,Non-Graduate,Single,Semiurban,0
L100066,54,Male,502045,Self-Employed,514,1903232,16.05,60,438013,Education,Graduate,Married,Semiurban,0
L100067,41,Male,288858,Salaried,391,703013,8.37,60,319630,Personal,Non-Graduate,Married,Semiurban,1
L100068,30,Female,1161687,Salaried,349,1047116,7.7,12,476473,Car,Non-Graduate,Single,Urban,0
L100069,26,Female,1328835,Self-Employed,708,333232,15.82,36,475681,Home,Graduate,Single,Rural,0
L100070,33,Female,298971,Salaried,610,830990,12.46,12,242806,Education,Non-Graduate,Single,Semiurban,0
L100071,30,Female,260393,Salaried,392,466222,10.1,60,184319,Personal,Graduate,Single,Urban,1
L100072,25,Female,294824,Salaried,386,518075,15.56,60,122817,Business,Graduate,Married,Semiurban,1
L100073,30,Male,368584,Salaried,544,1744174,13.62,60,253587,Education,Non-Graduate,Married,Urban,1
L100074,35,Male,322165,Salaried,670,766735,12.78,24,367585,Education,Non-Graduate,Married,Rural,0
L100075,60,Male,227212,Salaried,370,637975,7.79,48,115234,Business,Graduate,Single,Urban,1
L100076,39,Female,500208,Salaried,734,1709951,16.01,36,153422,Business,Non-Graduate,Single,Urban,0
L100077,60,Male,225358,Salaried,662,562809,7.68,60,480974,Business,Graduate,Married,Semiurban,0
L100078,45,Male,309550,Self-Employed,362,1998718,14.26,48,219018,Home,Graduate,Single,Urban,1
L100079,55,Male,555440,Self-Employed,688,1920306,8.69,48,71479,Car,Non-Graduate,Single,Semiurban,1
L100080,28,Male,1355962,Salaried,556,1881282,12.16,48,74964,Personal,Graduate,Married,Urban,0
L100081,39,Male,1420256,Salaried,752,1452827,13.81,12,13850,Education,Non-Graduate,Married,Rural,0
L100082,58,Male,875492,Self-Employed,690,826798,12.51,48,126903,Personal,Graduate,Married,Semiurban,0
L100083,46,Male,1253110,Salaried,355,947784,13.52,48,3540,Education,Non-Graduate,Married,Semiurban,0
L100084,33,Female,1487054,Salaried,395,1663158,14.11,48,135653,Car,Graduate,Married,Semiurban,0
L100085,28,Female,1118456,Self-Employed,768,1256151,9.99,24,390758,Car,Non-Graduate,Married,Semiurban,0
L100086,50,Female,396606,Self-Employed,789,722740,11.31,36,364027,Education,Graduate,Single,Rural,0
L100087,57,Female,1237733,Salaried,376,399880,15.5,24,187345,Business,Non-Graduate,Married,Urban,0
L100088,60,Female,373232,Self-Employed,527,479381,14.31,24,276707,Business,Graduate,Married,Semiurban,1
L100089,52,Male,884895,Salaried,714,654075,15.34,48,235679,Education,Graduate,Married,Semiurban,0
L100090,34,Male,450450,Salaried,800,941900,16.05,12,230935,Personal,Graduate,Married,Rural,0
L100091,43,Male,344563,Self-Employed,566,201828,7.5,36,28461,Personal,Graduate,Married,Rural,1
L100092,54,Female,741688,Self-Employed,836,1469134,11.71,24,196557,Home,Graduate,Single,Semiurban,0
L100093,46,Male,1345491,Self-Employed,326,1103406,14.11,48,317389,Home,Graduate,Married,Rural,0
L100094,30,Male,206958,Self-Employed,372,1186771,11.11,24,47212,Car,Graduate,Married,Urban,1
L100095,47,Female,281943,Self-Employed,620,1214018,9.9,60,480327,Personal,Graduate,Married,Semiurban,0
L100096,35,Male,522146,Salaried,875,1510692,9.23,48,111422,Personal,Graduate,Single,Rural,0
L100097,58,Female,359182,Salaried,487,1208697,16.25,12,411391,Personal,Non-Graduate,Married,Urban,1
L100098,25,Female,1228604,Salaried,891,1566278,9.27,36,415712,Education,Non-Graduate,Married,Semiurban,0
L100099,23,Female,657508,Self-Employed,580,229784,10.65,48,465912,Personal,Non-Graduate,Single,Semiurban,0
L100100,41,Female,817357,Salaried,625,298343,8.98,36,85744,Personal,Non-Graduate,Single,Rural,0
L100101,58,Female,900730,Self-Employed,417,1939823,16.25,12,8166,Business,Non-Graduate,Married,Rural,1
L100102,59,Male,1253101,Salaried,675,1159713,14.97,60,363411,Business,Non-Graduate,Married,Rural,0
L100103,35,Female,679784,Self-Employed,471,71777,7.76,48,12585,Education,Non-Graduate,Single,Urban,0
L100104,57,Male,1186289,Salaried,696,71187,7.8,24,474248,Car,Non-Graduate,Single,Rural,0
L100105,56,Male,1180681,Self-Employed,612,416827,9.46,24,365273,Personal,Graduate,Married,Semiurban,0
L100106,57,Male,1454955,Salaried,792,506817,11.77,60,390982,Education,Graduate,Married,Rural,0
L100107,55,Female,265324,Salaried,319,1368885,10.02,36,255848,Home,Graduate,Single,Urban,1
L100108,23,Female,1040093,Self-Employed,305,1956773,12.44,48,370378,Car,Graduate,Married,Semiurban,0
L100109,29,Male,1357165,Self-Employed,535,733937,10.79,60,361020,Education,Graduate,Married,Semiurban,0
L100110,58,Female,1034557,Self-Employed,396,560719,13.32,24,284110,Personal,Graduate,Married,Urban,0
L100111,47,Female,1329230,Self-Employed,437,1203469,14.49,36,343738,Business,Non-Graduate,Married,Urban,1
L100112,45,Male,1175703,Self-Employed,713,737476,13.24,36,120573,Education,Graduate,Married,Urban,0
L100113,25,Female,448221,Self-Employed,378,425007,14.81,36,352195,Home,Non-Graduate,Single,Urban,1
L100114,21,Female,1304989,Self-Employed,374,367853,13.43,24,307869,Education,Non-Graduate,Single,Rural,0
L100115,48,Male,457549,Salaried,740,1221230,12.65,60,367623,Personal,Non-Graduate,Married,Urban,0
L100116,47,Female,682821,Salaried,755,108566,12.74,12,302462,Car,Non-Graduate,Single,Urban,0
L100117,55,Male,985373,Self-Employed,824,690833,11.47,24,290250,Education,Non-Graduate,Single,Rural,0
L100118,26,Female,254217,Self-Employed,652,407828,10.24,12,387204,Home,Non-Graduate,Single,Urban,0
L100119,42,Male,738088,Salaried,594,296831,13.74,36,271439,Education,Non-Graduate,Single,Rural,0
L100120,33,Male,1349897,Self-Employed,897,576294,13.18,12,303140,Personal,Graduate,Single,Urban,1
L100121,54,Female,599763,Salaried,563,1706252,14.93,48,412492,Home,Graduate,Single,Semiurban,0
L100122,51,Female,765609,Salaried,717,615212,15.24,36,409644,Education,Non-Graduate,Single,Rural,0
L100123,30,Male,1404832,Salaried,643,1090698,9.3,36,447530,Home,Graduate,Single,Rural,0
L100124,26,Female,1116209,Self-Employed,397,1928995,10.01,36,88102,Car,Graduate,Married,Semiurban,0
L100125,34,Female,1157395,Self-Employed,370,657913,11.49,12,168111,Home,Non-Graduate,Married,Rural,0
L100126,34,Female,394178,Self-Employed,657,926358,13.9,48,496744,Car,Non-Graduate,Married,Semiurban,0
L100127,26,Female,682120,Salaried,894,1922229,14.9,36,146954,Home,Graduate,Single,Urban,0
L100128,30,Female,725598,Salaried,689,1009834,11.54,48,108084,Home,Graduate,Married,Semiurban,0
L100129,47,Male,803797,Salaried,569,1233439,16.2,48,198054,Home,Non-Graduate,Single,Rural,1
L100130,22,Male,295783,Salaried,500,1062697,12.9,24,143151,Personal,Non-Graduate,Married,Urban,1
L100131,58,Female,225726,Salaried,532,398887,9.69,12,68879,Home,Non-Graduate,Single,Rural,1
L100132,22,Female,1155010,Self-Employed,368,802783,7.67,48,106196,Home,Non-Graduate,Married,Urban,0
L100133,58,Male,1483204,Salaried,315,1312428,11.71,60,332537,Car,Graduate,Single,Urban,0
L100134,50,Male,1115159,Salaried,332,1513416,8.69,60,442194,Home,Graduate,Single,Urban,0
L100135,48,Female,1337321,Self-Employed,885,1312890,7.69,48,180412,Car,Non-Graduate,Single,Urban,0
L100136,57,Female,420874,Self-Employed,851,949363,10.03,60,211839,Car,Graduate,Single,Semiurban,0
L100137,32,Male,713784,Salaried,308,1330803,10.33,24,217539,Car,Graduate,Single,Semiurban,0
L100138,52,Male,232045,Self-Employed,657,654325,16.19,12,336270,Car,Graduate,Single,Urban,0
L100139,43,Male,898845,Salaried,754,1264656,13.29,36,448039,Education,Non-Graduate,Single,Semiurban,0
L100140,41,Male,1404961,Salaried,841,782545,8.1,12,191685,Home,Non-Graduate,Married,Rural,0
L100141,49,Male,618744,Salaried,803,1172752,14.04,12,453328,Education,Graduate,Single,Semiurban,0
L100142,27,Female,1116497,Self-Employed,400,93355,10.5,24,40203,Home,Graduate,Married,Urban,0
L100143,28,Female,499023,Salaried,815,1881447,14.77,48,210361,Personal,Graduate,Single,Urban,0
L100144,57,Male,346278,Salaried,652,1016507,15.99,36,447045,Personal,Non-Graduate,Married,Semiurban,0
L100145,47,Male,1339886,Self-Employed,370,1088454,9.2,36,487113,Personal,Non-Graduate,Single,Semiurban,0
L100146,32,Female,1472888,Salaried,545,714815,16.11,36,106554,Home,Non-Graduate,Single,Urban,0
L100147,45,Female,1002259,Salaried,748,811212,8.51,60,384101,Business,Non-Graduate,Single,Urban,0
L100148,47,Female,1450936,Self-Employed,413,417059,16,36,232606,Education,Non-Graduate,Single,Urban,0
L100149,60,Female,889992,Self-Employed,836,1398731,8.86,36,71535,Personal,Non-Graduate,Single,Semiurban,0
L100150,46,Male,1255532,Salaried,367,1353542,13.6,36,394662,Car,Graduate,Single,Rural,0
L100151,31,Female,575402,Self-Employed,681,759151,8.82,60,202762,Home,Non-Graduate,Single,Urban,0
L100152,25,Female,285833,Self-Employed,466,1522289,12.75,36,221139,Personal,Non-Graduate,Married,Semiurban,1
L100153,43,,1349842,Salaried,617,578825,11.78,48,275050,Business,Graduate,Married,Urban,0
L100154,58,Female,883895,Salaried,645,1159952,14.9,60,286708,Business,Graduate,Married,Rural,0
L100155,38,Female,560663,Salaried,325,186515,8.27,36,231016,Personal,Graduate,Single,Semiurban,0
L100156,26,Female,643997,Self-Employed,384,498409,8.79,36,174889,Car,Non-Graduate,Single,Urban,0
L100157,37,Male,769783,Salaried,398,457922,10.77,12,355734,Business,Non-Graduate,Single,Urban,0
L100158,28,Male,503828,Salaried,632,995214,7.54,24,426951,Car,Non-Graduate,Married,Rural,0
L100159,27,Female,1296504,Salaried,894,939553,15.14,60,290029,Car,Graduate,Married,Rural,0
L100160,28,Male,1009604,Salaried,661,1008949,9.88,36,234752,Education,Graduate,Single,Semiurban,1
L100161,46,Male,649440,Salaried,477,155811,10.92,60,66004,Education,Graduate,Single,Semiurban,1
L100162,29,Female,871435,Self-Employed,677,1949398,12.94,24,52967,Home,Non-Graduate,Single,Rural,0
L100163,24,Female,238403,Salaried,600,1148561,7.98,48,240881,Personal,Graduate,Single,Rural,0
L100164,53,Female,520191,Self-Employed,856,748662,10.7,12,300513,Car,Graduate,Married,Semiurban,0
L100165,60,Male,971051,Self-Employed,755,951553,10.83,48,413232,Home,Graduate,Single,Rural,0
L100166,25,Male,1206701,Self-Employed,334,1294388,14.77,48,170185,Home,Non-Graduate,Married,Semiurban,0
L100167,59,Female,899915,Self-Employed,424,1799302,9.51,24,169694,Business,Graduate,Married,Semiurban,0
L100168,47,Male,940846,Self-Employed,863,1410676,14.16,36,417263,Car,Non-Graduate,Single,Rural,0
L100169,50,,848690,Self-Employed,800,331897,11.86,12,112179,Business,Non-Graduate,Single,Semiurban,0
L100170,45,Male,828458,Self-Employed,371,58724,11.61,24,172726,Personal,Non-Graduate,Married,Semiurban,0
L100171,21,Female,1206741,Salaried,595,485051,13,48,58266,Education,Non-Graduate,Single,Rural,0
L100172,25,Male,632233,Salaried,592,1788900,11.69,48,312423,Home,Graduate,Married,Rural,0
L100173,55,Female,229897,Salaried,380,81209,7.95,12,116897,Car,Graduate,Married,Rural,1
L100174,36,Male,928627,Self-Employed,431,1246239,11.42,12,366148,Car,Non-Graduate,Single,Rural,0
L100175,26,Female,1112216,Self-Employed,881,1496334,15.4,36,407494,Personal,Non-Graduate,Single,Rural,0
L100176,50,Male,1405052,Self-Employed,315,291497,9.5,24,427241,Business,Graduate,Married,Rural,1
L100177,47,Female,1139737,Self-Employed,379,347645,11.11,36,417642,Personal,Non-Graduate,Single,Urban,0
L100178,24,Female,1083027,Self-Employed,522,1585838,14.7,12,347838,Car,Non-Graduate,Married,Urban,0
L100179,31,Male,811256,Self-Employed,638,1049062,8.53,24,371751,Car,Graduate,Married,Urban,0
L100180,43,Male,848563,Salaried,542,221037,8.48,24,52653,Business,Graduate,Single,Rural,0
L100181,28,Female,312946,Self-Employed,448,1384440,10.93,60,61020,Car,Non-Graduate,Married,Semiurban,1
L100182,31,Male,1442564,Self-Employed,599,1085671,12.06,48,306613,Education,Graduate,Married,Rural,1
L100183,50,Female,1341295,Salaried,781,1645660,15.27,48,8948,Car,Graduate,Single,Rural,0
L100184,56,Female,1400350,Self-Employed,472,1608765,12.42,24,52577,Home,Non-Graduate,Single,Rural,0
L100185,47,Female,820237,Self-Employed,558,449643,9.55,48,61555,Personal,Graduate,Married,Rural,0
L100186,28,Female,859318,Self-Employed,438,1094951,14.55,60,182425,Business,Graduate,Single,Semiurban,0
L100187,53,Female,523972,Self-Employed,858,75012,11.37,48,436624,Business,Non-Graduate,Single,Semiurban,0
L100188,45,Female,1433300,Self-Employed,675,1526867,7.88,12,29025,Home,Graduate,Married,Semiurban,0
L100189,32,Male,573076,Self-Employed,878,1684362,16.47,24,381811,Education,Graduate,Married,Urban,0
L100190,45,Female,691335,Salaried,655,184074,9.18,60,339043,Car,Non-Graduate,Single,Semiurban,0
L100191,57,Female,1288480,Salaried,373,208304,9.61,12,55434,Personal,Graduate,Single,Urban,0
L100192,58,Male,709833,Self-Employed,876,1174930,9.14,48,102184,Home,Non-Graduate,Single,Rural,0
L100193,45,Male,1158748,Salaried,734,423257,15.49,24,370919,Business,Non-Graduate,Married,Semiurban,0
L100194,55,Female,406299,Salaried,819,211254,11.43,48,28196,Car,Graduate,Single,Rural,0
L100195,51,Male,940237,Self-Employed,323,890125,13.77,36,418327,Business,Non-Graduate,Married,Urban,0
L100196,50,Female,1085486,Salaried,730,1470888,15.81,24,303555,Car,Graduate,Married,Urban,0
L100197,54,Female,1024402,Self-Employed,,773595,13.45,60,227128,Home,Non-Graduate,Single,Urban,0
L100198,42,Male,790902,Salaried,792,447938,12.27,12,410793,Home,Non-Graduate,Single,Urban,0
L100199,35,Female,1292886,Salaried,407,1278789,15,48,98318,Car,Non-Graduate,Married,Urban,0
L100200,42,Male,261270,Self-Employed,577,1639451,12.1,24,58296,Business,Graduate,Single,Semiurban,1
L100201,31,Male,288908,Salaried,530,414019,14.88,24,275879,Education,Graduate,Single,Rural,1
L100202,56,Male,1249700,Salaried,594,1219143,11.7,48,268173,Personal,Non-Graduate,Single,Semiurban,0
L100203,36,Male,1343547,Salaried,550,251051,14.05,24,227730,Home,Non-Graduate,Single,Semiurban,0
L100204,29,Female,1123763,Self-Employed,453,1689300,15.75,48,299386,Personal,Non-Graduate,Single,Urban,1
L100205,43,Female,1192940,Salaried,634,212506,7.74,24,484260,Business,Non-Graduate,Single,Rural,0
L100206,54,Female,572483,Salaried,425,903461,14.03,24,229837,Business,Non-Graduate,Single,Rural,0
L100207,47,Female,1171622,Salaried,871,258470,13.61,48,71134,Education,Graduate,Married,Semiurban,0
L100208,48,Female,1329861,Self-Employed,730,1787746,15.1,12,87114,Car,Non-Graduate,Married,Rural,0
L100209,24,Male,977598,Salaried,,1898202,12.73,12,155931,Education,Non-Graduate,Married,Urban,0
L100210,38,Male,989192,Self-Employed,437,465595,11.43,36,230779,Business,Non-Graduate,Married,Urban,0
L100211,37,Female,1304418,Self-Employed,695,1605652,10,12,499315,Car,Graduate,Single,Rural,0
L100212,38,Male,1111800,Self-Employed,775,736791,16.38,24,413324,Home,Graduate,Married,Semiurban,0
L100213,24,Male,835798,Self-Employed,683,743482,15.87,36,323320,Personal,Non-Graduate,Single,Rural,1
L100214,34,Male,819072,Salaried,900,1454921,8.25,60,464039,Education,Graduate,Married,Urban,0
L100215,51,Female,666440,Salaried,711,211516,13.83,12,438173,Personal,Non-Graduate,Married,Rural,0
L100216,48,Male,1067194,Self-Employed,302,1327154,14.59,60,382048,Education,Graduate,Married,Semiurban,0
L100217,35,Female,888657,Self-Employed,756,751126,15.14,24,61543,Car,Graduate,Married,Semiurban,0
L100218,31,Male,1288832,Self-Employed,875,1508884,10.57,24,376314,Home,Non-Graduate,Single,Rural,0
L100219,50,Male,1105630,Self-Employed,752,146034,15.48,12,76182,Personal,Graduate,Single,Rural,1
L100220,44,Female,1259631,Self-Employed,648,1837122,13.08,48,399543,Business,Non-Graduate,Married,Rural,0
L100221,27,Male,1210400,Salaried,524,1777527,16.13,12,447243,Car,Non-Graduate,Single,Rural,0
L100222,59,Female,574685,Self-Employed,878,1121255,7.74,48,16382,Home,Non-Graduate,Married,Urban,1
L100223,25,Female,858274,Salaried,767,635411,7.53,12,1391,Personal,Non-Graduate,Married,Rural,0
L100224,41,Female,448428,Self-Employed,893,548528,9.05,48,239734,Car,Graduate,Married,Rural,0
L100225,31,Female,205067,Self-Employed,679,200825,10.37,48,11400,Education,Non-Graduate,Married,Urban,0
L100226,38,Female,446815,Salaried,500,91969,13.65,24,94513,Home,Non-Graduate,Married,Urban,1
L100227,25,Male,817538,Salaried,815,1612890,13.45,24,475589,Car,Non-Graduate,Single,Urban,0
L100228,21,Male,1275133,Self-Employed,714,348234,12.18,36,27737,Business,Non-Graduate,Single,Rural,0
L100229,25,Female,888746,Salaried,773,1893787,15.15,24,367257,Business,Non-Graduate,Married,Urban,0
L100230,45,Female,1440515,Salaried,725,668608,13.8,24,68889,Home,Non-Graduate,Married,Urban,0
L100231,56,Male,1361491,Self-Employed,446,563256,12.78,12,306590,Home,Non-Graduate,Married,Urban,0
L100232,41,Male,715731,Self-Employed,375,1919597,13.14,24,284669,Education,Non-Graduate,Married,Rural,1
L100233,25,Male,957912,Self-Employed,884,1454406,11.08,48,334985,Car,Non-Graduate,Married,Semiurban,0
L100234,45,Female,920914,Salaried,311,611716,9.57,24,158029,Home,Graduate,Single,Rural,0
L100235,50,Male,1391868,Self-Employed,362,1450206,14.41,36,354714,Car,Non-Graduate,Single,Rural,0
L100236,37,Female,1320543,Salaried,335,525080,10.23,48,454136,Car,Non-Graduate,Married,Rural,0
L100237,58,Male,330631,Salaried,360,414567,8.29,60,92252,Education,Graduate,Married,Rural,1
L100238,23,Female,1344375,Self-Employed,603,449173,16.3,12,340897,Home,Graduate,Married,Semiurban,0
L100239,28,Male,896858,Salaried,755,561613,10.08,48,325823,Education,Graduate,Married,Rural,1
L100240,30,Female,1314535,Self-Employed,369,695498,14.14,60,98482,Education,Graduate,Single,Urban,0
L100241,38,Male,1395338,Salaried,556,851344,14.8,24,496039,Car,Non-Graduate,Single,Semiurban,0
L100242,41,Female,1190418,Salaried,861,1927413,12.29,36,91255,Personal,Non-Graduate,Married,Urban,0
L100243,22,Female,743407,Self-Employed,386,634499,7.99,48,199462,Education,Non-Graduate,Single,Rural,0
L100244,59,Male,1422973,Self-Employed,335,544016,13.89,36,468195,Home,Non-Graduate,Married,Semiurban,0
L100245,28,Male,440161,Self-Employed,749,1001268,10.34,12,316742,Car,Graduate,Married,Rural,0
L100246,38,Male,1073703,Self-Employed,414,1736833,14.99,12,438839,Home,Non-Graduate,Married,Urban,0
L100247,45,Male,389429,Self-Employed,417,1387697,14.68,60,4133,Home,Graduate,Married,Urban,1
L100248,37,Female,1147528,Salaried,764,685056,12.87,36,240799,Home,Non-Graduate,Single,Rural,0
L100249,28,Female,364250,Self-Employed,843,333316,13.66,36,345619,Personal,Non-Graduate,Married,Semiurban,0
L100250,29,Male,824499,Salaried,599,1105668,15.42,36,197482,Home,Graduate,Single,Urban,0
L100251,29,Male,304757,Self-Employed,665,977706,14.47,48,494521,Education,Non-Graduate,Married,Semiurban,0
L100252,30,Female,1458262,Salaried,871,1073687,15.81,12,481696,Education,Non-Graduate,Married,Semiurban,0
L100253,25,Female,1465982,Salaried,662,1046634,12.69,36,420573,Home,Non-Graduate,Single,Urban,0
L100254,36,Male,1120941,Salaried,415,1763818,10.92,48,299912,Home,Non-Graduate,Married,Urban,1
L100255,43,Female,581362,Salaried,586,1887850,9.8,24,341906,Business,Non-Graduate,Married,Urban,0
L100256,57,Female,431819,Self-Employed,,1159280,15.31,24,142818,Home,Graduate,Single,Semiurban,1
L100257,51,Female,1207284,Salaried,658,897148,13.09,60,260700,Business,Graduate,Married,Semiurban,0
L100258,38,Male,326069,Self-Employed,495,555615,8.97,48,436362,Home,Graduate,Single,Rural,1
L100259,54,Male,1385011,Salaried,789,1661968,11.03,48,293115,Home,Non-Graduate,Married,Urban,0
L100260,55,Male,687317,Salaried,786,451517,11.09,36,294572,Business,Non-Graduate,Single,Urban,0
L100261,36,Female,1350170,Self-Employed,589,1394760,10.52,36,146702,Home,Non-Graduate,Married,Rural,0
L100262,43,Female,1462527,Self-Employed,627,266416,9.8,36,67519,Personal,Non-Graduate,Single,Urban,0
L100263,41,Male,824340,Self-Employed,541,723115,8.24,12,98730,Education,Graduate,Married,Rural,0
L100264,29,,467564,Self-Employed,361,1908434,9.78,24,141378,Education,Graduate,Married,Semiurban,1
L100265,45,Female,1087855,Salaried,362,1311670,12.19,36,399664,Car,Non-Graduate,Married,Rural,0
L100266,58,Male,942753,Self-Employed,579,706403,11.26,36,476061,Home,Graduate,Single,Semiurban,0
L100267,29,Female,867724,Salaried,538,770953,13.37,24,235100,Car,Graduate,Single,Rural,0
L100268,50,Female,1238402,Salaried,415,825991,12.55,24,320063,Car,Graduate,Single,Urban,0
L100269,35,Male,741854,Salaried,,1024890,10.1,36,402429,Home,Non-Graduate,Single,Rural,0
L100270,47,Female,1058123,Self-Employed,303,1334927,16.08,12,273904,Personal,Graduate,Single,Urban,0
L100271,52,Male,291105,Self-Employed,465,1318110,15.84,48,311986,Business,Non-Graduate,Single,Urban,1
L100272,58,Female,1356477,Salaried,378,1779663,16.26,48,350323,Car,Non-Graduate,Married,Urban,1
L100273,37,Male,1331289,Self-Employed,883,1163886,8.83,60,409626,Personal,Graduate,Married,Semiurban,0
L100274,37,Female,485070,Salaried,670,239739,13.38,24,347241,Education,Graduate,Married,Semiurban,0
L100275,40,,1448228,Self-Employed,742,129114,8.25,24,21800,Personal,Graduate,Married,Rural,0
L100276,22,Male,861847,Salaried,696,1115243,12.42,12,265928,Personal,Non-Graduate,Married,Semiurban,0
L100277,24,Male,933522,Self-Employed,614,1601331,14.23,24,451451,Home,Graduate,Married,Urban,0
L100278,26,Female,1323249,Salaried,593,718390,15.98,48,76911,Car,Graduate,Single,Rural,0
L100279,27,Female,1046330,Self-Employed,452,85162,11.9,12,224754,Home,Graduate,Married,Semiurban,0
L100280,49,Female,1342129,Salaried,708,1463409,16.12,48,446315,Personal,Non-Graduate,Single,Rural,1
L100281,32,Female,805227,Self-Employed,875,571516,13.32,60,277469,Car,Graduate,Single,Rural,0
L100282,27,Female,628348,Salaried,838,1126093,11.94,24,332449,Business,Graduate,Married,Semiurban,1
L100283,29,Female,1302977,Self-Employed,874,299058,11.92,60,276746,Business,Non-Graduate,Single,Urban,0
L100284,48,Female,618935,Self-Employed,814,1324916,10.86,24,346470,Education,Graduate,Single,Urban,0
L100285,58,Male,1300918,Salaried,612,1780173,10.36,24,298426,Personal,Non-Graduate,Married,Rural,0
L100286,40,Male,1112766,Self-Employed,334,813969,9.75,12,120423,Business,Graduate,Married,Urban,0
L100287,51,Male,946999,Salaried,472,1990164,11.04,60,69683,Personal,Non-Graduate,Married,Urban,0
L100288,43,Male,980323,Self-Employed,,996288,11.69,48,15475,Business,Non-Graduate,Single,Urban,0
L100289,54,Female,396007,Salaried,330,110216,11.88,60,330406,Education,Non-Graduate,Single,Rural,1
L100290,36,Female,1450068,Self-Employed,779,1130842,10.01,60,413879,Car,Graduate,Married,Rural,0
L100291,59,Female,1088376,Self-Employed,481,225381,16.41,60,390786,Education,Graduate,Single,Semiurban,0
L100292,49,Male,1496498,Salaried,662,1636091,16.2,60,449283,Personal,Graduate,Married,Rural,0
L100293,55,Female,1040526,Self-Employed,336,1309799,10.67,60,402988,Education,Non-Graduate,Single,Semiurban,0
L100294,43,Female,1206278,Salaried,729,1626191,8.05,24,126730,Car,Non-Graduate,Married,Semiurban,0
L100295,50,Male,843450,Salaried,534,1734490,14.42,24,466895,Personal,Non-Graduate,Married,Urban,0
L100296,32,Male,602075,Self-Employed,337,960632,13.7,48,160770,Business,Non-Graduate,Single,Semiurban,0
L100297,41,Female,1227145,Self-Employed,784,176936,8.43,24,19452,Personal,Non-Graduate,Single,Rural,1
L100298,25,Male,1340912,Salaried,678,1828512,10.1,36,448481,Car,Non-Graduate,Married,Rural,0
L100299,36,Female,1461656,Self-Employed,671,499772,9.33,24,60699,Car,Graduate,Single,Rural,0
L100300,25,Female,936997,Salaried,759,1128175,16.17,48,251045,Education,Graduate,Single,Urban,0
L100301,42,Male,1393445,Self-Employed,430,1357281,13.33,48,202070,Car,Non-Graduate,Married,Semiurban,1
L100302,34,Male,300306,Self-Employed,412,1961369,12.31,60,157416,Education,Graduate,Single,Semiurban,1
L100303,21,Male,529298,Salaried,581,533241,11.27,24,226472,Home,Graduate,Married,Urban,0
L100304,31,Male,397186,Self-Employed,377,515159,11.03,24,277051,Home,Graduate,Single,Rural,1
L100305,60,Male,961276,Self-Employed,,435397,15.45,60,125286,Home,Non-Graduate,Married,Urban,1
L100306,35,Female,1421360,Salaried,346,368137,13.84,60,144666,Business,Non-Graduate,Single,Semiurban,0
L100307,29,Male,927729,Salaried,592,1415853,10.17,12,305642,Business,Graduate,Single,Rural,0
L100308,39,Male,388528,Self-Employed,752,1418310,14.45,60,351011,Home,Non-Graduate,Married,Urban,0
L100309,60,Male,641632,Self-Employed,585,1397426,14.87,24,261254,Education,Non-Graduate,Single,Semiurban,0
L100310,27,Male,1259537,Salaried,330,1683302,14.76,24,438100,Home,Non-Graduate,Married,Urban,0
L100311,59,Female,1220766,Salaried,804,89069,8.92,24,427321,Home,Graduate,Single,Rural,0
L100312,49,Male,818430,Self-Employed,577,157345,11.21,60,308203,Education,Non-Graduate,Married,Urban,1
L100313,30,Male,877415,Self-Employed,885,1470710,7.51,60,57152,Car,Graduate,Single,Urban,0
L100314,31,Male,895724,Self-Employed,736,1091837,9.09,60,365341,Education,Non-Graduate,Married,Rural,0
L100315,38,Female,802575,Salaried,596,1246939,13.78,24,300504,Business,Non-Graduate,Married,Rural,0
L100316,47,Female,1299574,Self-Employed,642,327907,13.41,36,477678,Car,Graduate,Single,Rural,0
L100317,30,Female,797763,Salaried,354,295106,14.87,36,254332,Education,Graduate,Married,Rural,0
L100318,50,Male,502669,Salaried,497,1940183,13.03,12,195504,Car,Non-Graduate,Married,Urban,0
L100319,58,Male,980221,Self-Employed,846,711493,15.72,12,45037,Home,Non-Graduate,Single,Rural,0
L100320,45,Male,800647,Salaried,676,419759,15.25,24,443032,Car,Graduate,Single,Urban,0
L100321,46,Female,1381366,Self-Employed,619,1186707,8.14,36,498796,Personal,Non-Graduate,Single,Urban,0
L100322,55,Female,241395,Self-Employed,368,166971,12.3,24,102198,Home,Graduate,Single,Rural,1
L100323,26,Female,325016,Salaried,464,1629077,8.95,12,72465,Car,Non-Graduate,Single,Semiurban,1
L100324,60,Female,435220,Self-Employed,815,1787693,8.02,12,3010,Home,Non-Graduate,Married,Urban,0
L100325,23,Male,785020,Salaried,743,446113,8.73,36,249833,Home,Graduate,Single,Semiurban,0
L100326,42,Female,288967,Self-Employed,525,987255,8.69,24,1627,Education,Graduate,Married,Rural,1
L100327,59,Male,1367318,Salaried,322,1438231,8.19,48,149720,Education,Graduate,Married,Semiurban,0
L100328,25,Female,1032352,Salaried,897,51049,8.57,24,195303,Home,Graduate,Single,Semiurban,1
L100329,44,Male,1455975,Salaried,680,525495,13.19,12,358234,Business,Non-Graduate,Married,Urban,0
L100330,53,Male,965946,Salaried,824,896974,8.78,24,232776,Education,Graduate,Married,Semiurban,0
L100331,60,Female,1332326,Self-Employed,697,1826451,15.44,36,496636,Car,Non-Graduate,Married,Urban,0
L100332,58,Female,267622,Self-Employed,719,1378526,13.36,48,253719,Education,Non-Graduate,Married,Semiurban,1
L100333,31,Female,1461722,Self-Employed,666,1481323,11.05,36,237396,Personal,Graduate,Married,Rural,0
L100334,36,Male,539787,Self-Employed,706,907560,13.7,36,327978,Personal,Non-Graduate,Single,Urban,0
L100335,44,Female,651715,Self-Employed,843,1351433,14.24,24,163234,Car,Graduate,Single,Rural,0
L100336,27,Male,1000865,Salaried,767,585415,15.16,12,263790,Personal,Graduate,Married,Rural,0
L100337,21,Female,1310819,Self-Employed,407,1665276,11.31,48,371230,Personal,Non-Graduate,Single,Rural,0
L100338,33,Female,1312846,Self-Employed,305,1093908,16.33,48,78564,Business,Non-Graduate,Single,Urban,0
L100339,60,Male,833053,Self-Employed,843,1256863,16.22,24,136743,Education,Graduate,Married,Semiurban,0
L100340,21,Male,1360792,Salaried,659,199599,9.14,24,258908,Car,Non-Graduate,Married,Rural,0
L100341,32,,326613,Salaried,476,1143821,10.19,36,144109,Home,Non-Graduate,Single,Semiurban,1
L100342,47,Female,843411,Self-Employed,757,1943107,12.75,36,39727,Home,Non-Graduate,Single,Semiurban,0
L100343,36,Female,525833,Salaried,753,273398,9.61,12,160578,Business,Graduate,Married,Urban,0
L100344,59,Male,1431947,Salaried,455,1680757,9.51,36,434755,Education,Non-Graduate,Married,Urban,0
L100345,32,Male,939062,Salaried,616,146497,13.7,12,356203,Personal,Non-Graduate,Single,Semiurban,0
L100346,32,Female,1278158,Salaried,729,921869,13.5,60,132573,Business,Graduate,Single,Urban,0
L100347,60,Female,863481,Self-Employed,674,279537,13.25,24,495052,Business,Non-Graduate,Single,Rural,0
L100348,26,Male,718909,Self-Employed,442,217685,9.61,36,63475,Education,Graduate,Married,Rural,0
L100349,43,Female,431241,Salaried,689,1948486,10.18,48,45221,Personal,Non-Graduate,Single,Rural,0
L100350,40,Female,212270,Salaried,595,603033,15.86,48,142878,Business,Graduate,Married,Semiurban,1
L100351,58,Male,1357154,Self-Employed,333,1219113,9.68,12,20846,Education,Non-Graduate,Married,Urban,1
L100352,36,Male,1186251,Salaried,607,1675223,9.58,24,10461,Education,Graduate,Married,Urban,0
L100353,57,Male,861282,Salaried,363,923123,11.16,12,425725,Education,Non-Graduate,Married,Urban,0
L100354,34,Male,1283959,Salaried,761,1705742,15.86,36,499493,Car,Graduate,Single,Urban,0
L100355,45,Male,899603,Self-Employed,531,1721052,15.62,24,299724,Education,Non-Graduate,Single,Rural,1
L100356,53,,1347479,Self-Employed,752,1374594,14.83,60,442145,Personal,Non-Graduate,Single,Rural,1
L100357,55,Female,362340,Self-Employed,598,830188,11.56,60,222107,Personal,Non-Graduate,Single,Semiurban,1
L100358,40,Male,823692,Salaried,675,632793,10.82,60,448831,Car,Non-Graduate,Married,Urban,0
L100359,39,Female,693811,Salaried,550,1816677,9.85,60,105237,Home,Non-Graduate,Married,Semiurban,1
L100360,52,Male,1386543,Self-Employed,641,707666,10.21,36,140046,Car,Non-Graduate,Single,Rural,0
L100361,44,Female,1104840,Self-Employed,615,1061467,11.24,60,153151,Car,Non-Graduate,Single,Urban,0
L100362,32,Male,1261011,Self-Employed,477,1534082,13.66,48,265818,Home,Non-Graduate,Single,Semiurban,1
L100363,25,Female,955594,Self-Employed,735,1710786,14.81,12,235426,Personal,Graduate,Single,Urban,0
L100364,55,Male,720996,Salaried,861,1046885,11.87,24,191885,Business,Graduate,Single,Urban,0
L100365,25,Female,1207668,Salaried,463,1208136,11.17,24,33506,Personal,Non-Graduate,Single,Semiurban,1
L100366,58,Female,775483,Salaried,783,1848397,7.81,24,238236,Car,Graduate,Married,Urban,0
L100367,24,Female,904406,Salaried,812,920546,15.81,36,433427,Business,Non-Graduate,Married,Urban,0
L100368,60,Male,612176,Self-Employed,599,174204,11.55,12,433168,Business,Graduate,Single,Semiurban,0
L100369,43,Female,605135,Self-Employed,830,1591943,12.02,36,352606,Personal,Graduate,Married,Semiurban,0
L100370,55,Male,944481,Salaried,329,199466,7.59,12,312062,Personal,Non-Graduate,Married,Urban,1
L100371,32,Female,1000665,Salaried,699,1840068,10.13,12,165659,Personal,Non-Graduate,Married,Semiurban,1
L100372,57,Male,1337515,Salaried,627,1843761,9.12,60,360243,Education,Non-Graduate,Single,Urban,0
L100373,52,Male,695690,Salaried,645,1818527,13.65,36,391852,Business,Graduate,Single,Urban,0
L100374,40,Male,734797,Self-Employed,644,1295179,10.84,60,216373,Business,Graduate,Single,Semiurban,0
L100375,60,Female,1198974,Self-Employed,357,473693,8.91,60,485059,Business,Graduate,Single,Semiurban,0
L100376,51,Male,1049399,Salaried,745,1670601,11.32,36,474591,Home,Non-Graduate,Single,Rural,0
L100377,27,Male,1259652,Salaried,702,1181878,16,48,344680,Personal,Non-Graduate,Single,Semiurban,0
L100378,26,Male,1422631,Self-Employed,840,1461587,10.61,60,342311,Car,Graduate,Married,Urban,0
L100379,31,Female,590905,Salaried,339,968530,13.15,36,421031,Education,Non-Graduate,Single,Urban,0
L100380,29,Female,872798,Self-Employed,527,1315079,9.85,36,303285,Home,Non-Graduate,Married,Semiurban,0
L100381,42,Female,1137781,Salaried,642,107196,13.4,36,475607,Car,Non-Graduate,Single,Urban,0
L100382,26,Male,531112,Salaried,876,399016,9.61,12,493351,Personal,Graduate,Single,Urban,0
L100383,40,Female,1317783,Salaried,329,292609,9.86,60,290928,Home,Graduate,Single,Urban,0
L100384,60,Male,1374435,Salaried,665,1105469,15.6,36,115461,Business,Graduate,Married,Semiurban,0
L100385,39,Male,242279,Salaried,773,1081023,13.52,12,310579,Car,Graduate,Married,Urban,0
L100386,49,Male,249907,Salaried,677,1557956,15.19,12,433227,Education,Graduate,Single,Rural,0
L100387,24,Female,1489246,Salaried,661,476650,12.77,60,15548,Education,Graduate,Married,Urban,0
L100388,28,Female,972223,Salaried,409,1817314,9.54,36,20295,Car,Non-Graduate,Single,Semiurban,0
L100389,27,Female,675910,Salaried,525,1286632,12.01,12,152798,Car,Graduate,Single,Urban,0
L100390,34,Female,1148056,Self-Employed,899,992029,16.08,24,492027,Business,Non-Graduate,Single,Rural,1
L100391,46,Female,688489,Salaried,746,1393359,9.88,48,251743,Home,Graduate,Married,Rural,0
L100392,31,Male,767619,Salaried,818,924977,12.07,48,428514,Car,Graduate,Married,Semiurban,0
L100393,35,Female,1104472,Salaried,328,607762,11.31,36,165326,Personal,Graduate,Married,Urban,0
L100394,47,Female,1295021,Self-Employed,488,360193,8.03,48,212430,Business,Graduate,Married,Semiurban,1
L100395,39,Female,530962,Self-Employed,,1368128,15.57,24,298766,Education,Graduate,Single,Rural,0
L100396,48,Female,1447363,Self-Employed,302,209078,11.41,36,201805,Car,Graduate,Single,Rural,0
L100397,31,Male,1217018,Self-Employed,340,535736,8.22,12,71925,Personal,Graduate,Single,Rural,0
L100398,40,Male,1300184,Salaried,530,1634902,13.2,60,112295,Car,Graduate,Single,Urban,0
L100399,60,Male,1080865,Salaried,848,269750,8.35,12,423199,Home,Non-Graduate,Single,Rural,0
L100400,32,Female,1212539,Self-Employed,524,1610229,11.9,12,390038,Education,Non-Graduate,Single,Urban,1
L100401,50,Male,223885,Self-Employed,563,1195603,11.4,60,174972,Business,Non-Graduate,Married,Urban,1
L100402,41,Male,1460597,Self-Employed,492,924091,9.38,48,492790,Education,Non-Graduate,Single,Rural,0
L100403,52,Female,1323560,Salaried,333,668325,11.43,12,451524,Car,Non-Graduate,Married,Semiurban,0
L100404,39,Male,1177092,Salaried,825,1715151,14.45,60,211481,Personal,Non-Graduate,Married,Urban,1
L100405,35,Female,1231640,Salaried,374,228080,14.79,36,48469,Car,Graduate,Single,Semiurban,0
L100406,25,Female,1150671,Salaried,885,1768137,16.15,36,166667,Car,Non-Graduate,Single,Urban,0
L100407,21,Male,992585,Self-Employed,667,994192,13.94,24,222070,Home,Non-Graduate,Married,Semiurban,0
L100408,24,Male,1226237,Salaried,764,1424819,14.33,12,249976,Home,Non-Graduate,Married,Rural,0
L100409,42,Male,495407,Salaried,381,1471216,15.19,48,311620,Education,Non-Graduate,Single,Urban,1
L100410,52,Female,215548,Self-Employed,390,481202,9.89,36,373514,Personal,Graduate,Married,Semiurban,1
L100411,32,Female,534153,Salaried,613,948145,10.08,36,355535,Car,Graduate,Single,Rural,0
L100412,22,Male,1046636,Self-Employed,462,1917439,16.36,12,81240,Car,Graduate,Married,Semiurban,0
L100413,52,,973712,Self-Employed,663,1544247,11.75,12,280316,Education,Graduate,Single,Urban,0
L100414,28,Male,815015,Salaried,455,1593237,12.75,24,388109,Education,Graduate,Single,Semiurban,0
L100415,59,Male,503066,Salaried,844,582652,9.51,60,275873,Business,Non-Graduate,Married,Urban,0
L100416,50,Female,239655,Salaried,481,1594958,11.32,36,308787,Personal,Graduate,Married,Urban,1
L100417,53,Male,567547,Salaried,851,1220318,9.92,24,403883,Personal,Graduate,Married,Urban,0
L100418,41,Female,842870,Salaried,849,1225111,8.08,60,486760,Car,Graduate,Single,Semiurban,0
L100419,53,Male,1272193,Self-Employed,361,67180,15.46,60,68357,Business,Non-Graduate,Married,Semiurban,0
L100420,51,Male,929532,Salaried,688,967069,12.7,48,232378,Car,Non-Graduate,Married,Rural,0
L100421,49,Male,1190545,Self-Employed,531,650395,11.18,12,222379,Car,Graduate,Single,Urban,0
L100422,55,Female,1495518,Self-Employed,489,155459,15.05,48,174237,Education,Non-Graduate,Married,Rural,0
L100423,40,Female,428961,Self-Employed,611,81671,13.22,24,478215,Home,Non-Graduate,Married,Urban,0
L100424,43,Male,1279284,Salaried,526,1514745,15.58,36,465721,Home,Non-Graduate,Married,Semiurban,0
L100425,34,Female,968946,Self-Employed,336,1417209,9.48,12,221506,Car,Non-Graduate,Married,Semiurban,0
L100426,33,Female,839275,Salaried,538,1827899,14.74,48,408353,Home,Non-Graduate,Married,Rural,0
L100427,27,Male,1420366,Salaried,398,536054,12.58,24,419344,Personal,Graduate,Married,Urban,0
L100428,60,Male,1257381,Self-Employed,375,345862,14.59,36,327996,Car,Non-Graduate,Single,Semiurban,0
L100429,43,Female,232405,Self-Employed,511,307246,7.99,48,276466,Home,Non-Graduate,Single,Rural,1
L100430,29,Female,1287564,Salaried,650,313935,15.45,36,336312,Education,Non-Graduate,Single,Semiurban,0
L100431,40,Female,1170477,Self-Employed,418,475530,15.53,12,325447,Business,Non-Graduate,Married,Rural,0
L100432,43,Female,1032336,Self-Employed,689,1440458,13.03,12,7948,Personal,Graduate,Married,Semiurban,0
L100433,24,Male,437343,Salaried,625,1184087,15.49,24,175438,Personal,Graduate,Married,Urban,0
L100434,22,Female,1047117,Self-Employed,574,469895,13.87,60,268662,Car,Non-Graduate,Married,Urban,0
L100435,55,Male,1346895,Salaried,708,1526748,11.63,24,380113,Home,Graduate,Married,Semiurban,0
L100436,44,Male,489242,Salaried,446,399036,10.49,24,100710,Education,Non-Graduate,Married,Rural,1
L100437,37,Female,1125402,Salaried,693,66708,7.67,60,430307,Home,Non-Graduate,Married,Rural,0
L100438,55,Male,934021,Self-Employed,487,473890,14.15,60,493404,Car,Graduate,Single,Rural,0
L100439,23,Male,1337734,Salaried,818,770423,14.92,36,1305,Business,Graduate,Married,Semiurban,0
L100440,34,Male,495663,Salaried,417,1114032,10.78,24,219262,Education,Non-Graduate,Married,Urban,1
L100441,51,Female,625961,Self-Employed,785,1701026,13.39,24,324191,Car,Non-Graduate,Single,Semiurban,1
L100442,38,Male,1268680,Self-Employed,532,1635765,8.91,12,458716,Home,Graduate,Married,Rural,0
L100443,36,Female,672581,Self-Employed,501,1637986,8.55,60,198063,Education,Non-Graduate,Single,Semiurban,0
L100444,23,Male,978261,Self-Employed,,1331344,12.83,12,482893,Personal,Non-Graduate,Married,Urban,0
L100445,22,Male,776243,Self-Employed,824,279051,10.43,12,66642,Home,Non-Graduate,Single,Rural,1
L100446,48,Male,1361857,Salaried,344,1292014,8.69,12,52155,Car,Non-Graduate,Married,Urban,1
L100447,60,Male,553842,Self-Employed,809,761952,11.52,60,433047,Personal,Non-Graduate,Single,Rural,0
L100448,40,Female,1228785,Self-Employed,489,131757,13.11,36,165592,Car,Graduate,Married,Semiurban,1
L100449,49,Male,578192,Self-Employed,715,1721802,14.4,60,220685,Personal,Graduate,Single,Rural,0
L100450,54,Female,511742,Salaried,388,828877,15.09,36,241389,Car,Graduate,Married,Urban,0
L100451,39,Male,661133,Self-Employed,660,969222,14.1,60,148547,Personal,Non-Graduate,Married,Rural,0
L100452,33,Male,1493082,Self-Employed,301,131888,12.04,36,330525,Car,Graduate,Single,Semiurban,0
L100453,50,Female,1216119,Self-Employed,570,1273654,13.24,12,405319,Education,Graduate,Married,Rural,1
L100454,59,Female,757822,Salaried,632,1543156,11.57,36,337666,Home,Non-Graduate,Single,Urban,0
L100455,28,Male,823506,Self-Employed,816,236779,7.93,60,72625,Education,Graduate,Married,Semiurban,0
L100456,30,Female,1191639,Self-Employed,563,1838358,15.32,36,381525,Home,Non-Graduate,Single,Semiurban,1
L100457,25,Male,1098783,Salaried,794,1419994,8.57,12,452946,Education,Non-Graduate,Married,Semiurban,0
L100458,35,Female,454499,Salaried,478,709540,7.77,48,314994,Home,Graduate,Single,Rural,1
L100459,28,Female,1439404,Self-Employed,784,1014656,13.43,36,169497,Education,Non-Graduate,Single,Semiurban,0
L100460,48,Male,431931,Self-Employed,502,1442853,11.76,24,108914,Business,Non-Graduate,Married,Semiurban,1
L100461,25,Female,251232,Salaried,681,1672544,8.98,60,466179,Home,Non-Graduate,Single,Rural,1
L100462,41,Female,822488,Salaried,515,1161426,8.44,12,354319,Car,Non-Graduate,Married,Urban,0
L100463,36,Female,1434785,Salaried,735,439908,10.4,60,92177,Education,Graduate,Married,Urban,0
L100464,23,Female,304311,Self-Employed,424,1675943,8.2,36,359811,Car,Non-Graduate,Single,Urban,1
L100465,58,Male,395040,Salaried,618,202318,12.76,48,202930,Business,Non-Graduate,Married,Urban,0
L100466,25,Male,696829,Self-Employed,530,1367205,12.78,36,22018,Personal,Graduate,Married,Semiurban,0
L100467,29,Male,1297348,Self-Employed,584,356150,8.24,60,345978,Education,Graduate,Single,Urban,0
L100468,36,Female,648188,Self-Employed,480,970135,14.24,36,472641,Personal,Graduate,Single,Semiurban,1
L100469,54,Male,425499,Self-Employed,620,1390648,11.2,12,341172,Home,Non-Graduate,Married,Rural,0
L100470,53,Female,1462940,Self-Employed,628,1831721,9.91,24,328921,Business,Graduate,Married,Semiurban,0
L100471,25,Male,584844,Self-Employed,850,1702628,10.04,12,2077,Business,Non-Graduate,Single,Rural,0
L100472,24,Female,464503,Salaried,443,801351,11.85,36,311801,Car,Graduate,Married,Rural,1
L100473,49,Male,893874,Salaried,417,721399,10.64,36,399871,Personal,Graduate,Single,Semiurban,0
L100474,46,Male,1148438,Self-Employed,800,1395806,14.7,12,47701,Education,Graduate,Married,Urban,0
L100475,37,Male,651076,Salaried,525,1506173,12.58,24,57050,Home,Graduate,Single,Semiurban,0
L100476,27,Male,1272237,Self-Employed,634,1220379,13.58,36,263471,Personal,Graduate,Married,Urban,0
L100477,49,Male,1184570,Salaried,414,107580,10.5,60,373876,Home,Graduate,Single,Semiurban,0
L100478,26,Female,1424237,Self-Employed,540,219006,9.56,12,154598,Home,Non-Graduate,Single,Semiurban,0
L100479,50,Female,1127108,Salaried,872,1484418,16.34,60,320663,Business,Graduate,Married,Urban,0
L100480,35,Male,996687,Salaried,894,618816,13.4,12,118564,Business,Graduate,Married,Rural,0
L100481,26,Female,667856,Salaried,423,772371,10.22,36,159216,Education,Non-Graduate,Single,Urban,0
L100482,51,Male,917168,Self-Employed,382,1373973,15.99,36,463042,Business,Graduate,Married,Semiurban,0
L100483,34,Female,975016,Salaried,682,75110,13.94,48,208875,Education,Graduate,Single,Semiurban,1
L100484,56,Male,971836,Salaried,852,735529,11.02,12,430190,Business,Non-Graduate,Married,Rural,0
L100485,53,Male,1470656,Salaried,511,851257,16.43,60,164754,Home,Graduate,Single,Urban,1
L100486,56,Female,683972,Salaried,800,480729,16.41,36,244035,Education,Non-Graduate,Married,Semiurban,0
L100487,27,Male,1094988,Self-Employed,543,1798904,8.75,24,186393,Personal,Non-Graduate,Single,Semiurban,0
L100488,23,Female,1179852,Salaried,450,540976,14.22,36,182886,Personal,Graduate,Married,Semiurban,0
L100489,45,Male,1412622,Self-Employed,,496387,15.24,24,483536,Personal,Non-Graduate,Married,Rural,0
L100490,27,Male,1411672,Self-Employed,731,1604057,10.83,12,306552,Education,Graduate,Single,Semiurban,0
L100491,59,Female,1436894,Salaried,851,430940,10.94,60,84883,Car,Graduate,Married,Rural,0
L100492,35,Male,547538,Salaried,724,1742589,9.27,12,422087,Car,Graduate,Married,Urban,0
L100493,26,Female,499207,Self-Employed,885,919427,10.38,24,111098,Education,Graduate,Single,Rural,1
L100494,47,Female,1309593,Self-Employed,895,1796263,13.91,48,352791,Car,Non-Graduate,Married,Urban,0
L100495,45,Female,702054,Salaried,713,1414714,12.2,48,412820,Education,Non-Graduate,Single,Rural,0
L100496,27,Male,1004058,Self-Employed,754,516869,15.02,24,10618,Business,Graduate,Married,Rural,0
L100497,21,Male,1073258,Self-Employed,352,597208,12.27,36,331408,Education,Non-Graduate,Single,Urban,0
L100498,40,Male,666542,Self-Employed,817,1346920,15.3,24,252193,Home,Non-Graduate,Married,Semiurban,0
L100499,55,Male,868319,Salaried,882,280728,15.76,48,115624,Car,Graduate,Married,Semiurban,1
L100500,57,Male,1276527,Self-Employed,810,1327043,9.61,60,225368,Business,Non-Graduate,Married,Semiurban,0
L100501,53,Female,429748,Self-Employed,623,943152,8.15,60,236677,Education,Graduate,Single,Urban,0
L100502,46,Female,752552,Self-Employed,536,1961879,9.46,12,363684,Business,Non-Graduate,Married,Semiurban,1
L100503,31,Female,904365,Self-Employed,761,760855,10.84,60,274292,Personal,Graduate,Single,Urban,0
L100504,60,Male,780781,Self-Employed,454,190289,8.88,12,25367,Business,Non-Graduate,Single,Urban,0
L100505,36,Male,1351162,Salaried,302,687328,9.71,48,114273,Home,Graduate,Married,Rural,0
L100506,59,Male,1159117,Self-Employed,304,1981105,10.01,12,145703,Education,Graduate,Single,Urban,1
L100507,34,Female,536862,Self-Employed,439,1593810,14.83,60,122549,Personal,Non-Graduate,Married,Semiurban,0
L100508,58,Female,993653,Salaried,648,92119,11.59,60,9274,Business,Graduate,Married,Urban,0
L100509,34,Male,768418,Salaried,881,1545004,14.18,12,216079,Car,Graduate,Single,Urban,0
L100510,37,Male,218657,Salaried,832,753811,9.52,36,439150,Education,Graduate,Married,Rural,0
L100511,41,Female,900454,Self-Employed,316,504956,11.57,24,148761,Home,Non-Graduate,Single,Semiurban,0
L100512,49,Male,1311997,Self-Employed,739,361967,16.23,60,877,Business,Graduate,Married,Rural,0
L100513,59,Male,1079494,Self-Employed,407,1906298,11.54,12,375465,Personal,Non-Graduate,Married,Semiurban,1
L100514,32,Female,1154825,Salaried,473,880851,11.06,60,116079,Car,Graduate,Single,Semiurban,1
L100515,60,Female,464574,Salaried,851,1801029,10.04,60,461002,Business,Non-Graduate,Single,Semiurban,0
L100516,46,Female,862791,Self-Employed,359,1535068,13.37,36,337265,Personal,Graduate,Married,Rural,0
L100517,48,Female,713329,Self-Employed,385,1989855,15.77,60,289635,Car,Non-Graduate,Single,Rural,0
L100518,36,Female,601306,Salaried,670,925975,15.15,24,438496,Car,Graduate,Married,Urban,1
L100519,45,Female,543187,Salaried,410,1623821,10.53,24,497270,Home,Non-Graduate,Single,Rural,0
L100520,60,Male,1485742,Self-Employed,679,927849,8.04,60,331600,Education,Graduate,Single,Urban,0
L100521,53,Female,1031862,Salaried,371,1771470,14.49,24,276505,Car,Non-Graduate,Single,Semiurban,0
L100522,42,Male,653954,Self-Employed,,850464,11.84,24,468721,Business,Non-Graduate,Married,Rural,0
L100523,54,Male,552597,Self-Employed,808,401455,8.4,48,115378,Personal,Graduate,Married,Urban,0
L100524,38,Female,1122880,Salaried,567,1705429,12.45,36,236192,Business,Graduate,Married,Rural,0
L100525,56,Female,206933,Self-Employed,610,138239,11.97,12,388571,Home,Graduate,Single,Rural,0
L100526,43,Female,1380928,Self-Employed,617,67371,11.34,12,314925,Personal,Non-Graduate,Single,Urban,0
L100527,26,Male,966470,Salaried,413,527322,9.39,60,404759,Home,Graduate,Single,Urban,0
L100528,30,Male,1148993,Salaried,334,554532,10.6,12,267401,Business,Graduate,Married,Semiurban,0
L100529,23,Male,1423547,Self-Employed,577,547571,9.05,24,488470,Personal,Graduate,Single,Semiurban,1
L100530,37,Male,902449,Self-Employed,399,1607135,9.96,12,246586,Business,Graduate,Single,Urban,0
L100531,28,,1035390,Salaried,898,1137396,15.54,48,48634,Car,Non-Graduate,Single,Rural,0
L100532,42,Male,883188,Self-Employed,694,1466417,9.68,24,19824,Home,Non-Graduate,Married,Rural,1
L100533,37,Male,1367719,Self-Employed,436,1522401,8.92,12,337790,Car,Non-Graduate,Married,Urban,0
L100534,36,Male,409469,Self-Employed,542,1575790,12.63,36,67810,Personal,Non-Graduate,Single,Urban,1
L100535,47,Male,1080768,Salaried,737,652263,8.95,60,446659,Home,Non-Graduate,Single,Semiurban,0
L100536,38,Female,304500,Self-Employed,836,60496,12.82,24,324101,Education,Graduate,Single,Rural,0
L100537,49,Male,1071900,Self-Employed,806,1716512,11.56,48,498323,Personal,Non-Graduate,Single,Rural,1
L100538,44,,1434008,Self-Employed,459,249823,8.25,60,65512,Business,Non-Graduate,Married,Rural,1
L100539,34,Male,685550,Self-Employed,419,60930,15.06,60,166126,Education,Non-Graduate,Single,Rural,1
L100540,53,Female,261650,Self-Employed,618,1044568,12.8,48,473700,Business,Non-Graduate,Single,Semiurban,0
L100541,59,Female,649610,Self-Employed,706,246944,11.74,36,445180,Business,Non-Graduate,Single,Semiurban,0
L100542,59,Male,902943,Self-Employed,315,755162,9.67,48,17760,Business,Graduate,Single,Urban,0
L100543,36,Male,1234339,Salaried,852,369882,9.5,24,355892,Home,Graduate,Married,Rural,0
L100544,24,Female,1256421,Self-Employed,651,852725,15.39,24,454198,Business,Non-Graduate,Single,Rural,0
L100545,57,Female,266645,Self-Employed,666,1808645,10.78,48,434697,Personal,Non-Graduate,Married,Urban,0
L100546,36,Male,229742,Self-Employed,627,1710386,8.7,12,9709,Business,Graduate,Married,Urban,0
L100547,52,Male,1026732,Salaried,453,1855209,14.34,24,212854,Car,Non-Graduate,Single,Rural,0
L100548,54,Female,657362,Salaried,344,1039427,11.94,36,125268,Business,Non-Graduate,Single,Semiurban,0
L100549,27,Female,1333255,Self-Employed,548,1358497,11.16,60,398777,Personal,Graduate,Single,Urban,1
L100550,27,Female,831612,Salaried,324,925281,9.36,48,278664,Car,Non-Graduate,Single,Rural,1
L100551,53,Male,1449355,Self-Employed,895,469415,14.61,60,38618,Business,Non-Graduate,Single,Urban,0
L100552,58,Male,730709,Salaried,598,1893984,10.44,48,296128,Business,Graduate,Single,Semiurban,1
L100553,44,Male,664113,Salaried,804,865537,10.69,60,264669,Business,Non-Graduate,Married,Semiurban,0
L100554,45,Female,615565,Salaried,866,542298,12.63,48,75492,Personal,Graduate,Married,Urban,0
L100555,31,Male,283529,Self-Employed,647,939037,8.67,48,74650,Business,Non-Graduate,Married,Urban,0
L100556,40,Male,467767,Salaried,600,371441,12.78,48,480546,Business,Graduate,Married,Semiurban,0
L100557,26,Male,377610,Self-Employed,789,1013606,14.66,12,26995,Home,Non-Graduate,Married,Urban,1
L100558,46,Female,308985,Self-Employed,384,1097273,11.02,48,330294,Personal,Non-Graduate,Married,Urban,1
L100559,55,Female,431109,Salaried,399,1474556,8.93,36,313819,Car,Graduate,Married,Semiurban,1
L100560,51,Male,519557,Salaried,810,300536,14.73,24,391062,Personal,Non-Graduate,Married,Semiurban,0
L100561,52,Female,736985,Self-Employed,350,1417013,9.92,60,496115,Personal,Graduate,Married,Rural,0
L100562,22,Male,443683,Salaried,628,632527,11.29,60,70982,Business,Non-Graduate,Single,Semiurban,0
L100563,23,Male,948910,Self-Employed,612,797518,13.06,48,118974,Home,Graduate,Married,Urban,0
L100564,52,Female,1225357,Salaried,648,1841430,13.16,36,134646,Home,Graduate,Married,Rural,0
L100565,54,Male,374132,Self-Employed,503,237351,11.83,48,127657,Home,Graduate,Married,Semiurban,1
L100566,60,Male,1390737,Salaried,326,571048,11.65,12,354222,Car,Graduate,Single,Rural,0
L100567,54,Male,222374,Self-Employed,617,704449,12.17,24,152144,Education,Graduate,Single,Rural,0
L100568,55,Female,850577,Self-Employed,779,846623,15.93,36,365391,Education,Non-Graduate,Married,Urban,0
L100569,54,Male,216878,Salaried,352,1131594,15.09,60,476328,Business,Graduate,Single,Semiurban,1
L100570,52,Female,1070922,Salaried,711,1507520,8.11,48,498206,Business,Graduate,Single,Semiurban,0
L100571,27,Male,1149368,Self-Employed,553,118294,11.24,60,289120,Home,Non-Graduate,Married,Semiurban,0
L100572,40,Male,817433,Salaried,524,477205,16.02,48,50097,Business,Non-Graduate,Single,Rural,0
L100573,41,Female,1128161,Self-Employed,588,224126,16.08,24,22356,Business,Graduate,Married,Rural,1
L100574,54,Male,507026,Self-Employed,549,1621651,8.71,12,3925,Business,Non-Graduate,Single,Rural,0
L100575,54,Female,912842,Self-Employed,327,1255009,12.6,12,91329,Business,Non-Graduate,Single,Rural,0
L100576,26,Female,441255,Self-Employed,826,697107,11.07,24,298057,Business,Non-Graduate,Married,Urban,0
L100577,40,Female,1443196,Self-Employed,346,171923,8.13,48,457125,Car,Non-Graduate,Married,Rural,0
L100578,32,Female,397068,Self-Employed,521,1248952,15.94,12,142937,Education,Graduate,Married,Rural,1
L100579,43,Male,1485375,Self-Employed,700,1808517,16.31,12,96041,Business,Non-Graduate,Single,Urban,0
L100580,45,Female,543163,Self-Employed,870,904658,11.43,24,369000,Car,Graduate,Married,Semiurban,0
L100581,47,Male,760917,Salaried,493,741057,9.41,48,78463,Home,Non-Graduate,Married,Rural,1
L100582,36,Male,627871,Salaried,839,851239,10.84,36,212704,Business,Non-Graduate,Single,Urban,1
L100583,39,Male,352891,Salaried,748,1225086,8.02,36,461830,Home,Graduate,Married,Urban,0
L100584,25,Female,839353,Self-Employed,692,116166,16,48,474058,Home,Non-Graduate,Married,Semiurban,0
L100585,38,Female,1001870,Self-Employed,337,918395,8.8,24,28601,Home,Graduate,Married,Rural,0
L100586,29,Female,1346158,Self-Employed,385,386057,11.32,12,213805,Education,Non-Graduate,Single,Rural,0
L100587,31,,1335533,Self-Employed,604,699956,12.9,48,487338,Car,Non-Graduate,Single,Semiurban,0
L100588,25,Male,806822,Self-Employed,671,1858064,14.83,36,771,Home,Non-Graduate,Married,Rural,0
L100589,28,Female,1009096,Self-Employed,774,1428886,13.91,12,295164,Business,Graduate,Married,Rural,0
L100590,39,Female,620505,Salaried,406,1611809,9.02,36,24480,Car,Non-Graduate,Single,Urban,0
L100591,31,Male,343850,Salaried,460,795737,12.24,36,24159,Car,Non-Graduate,Married,Rural,1
L100592,58,Female,1215374,Salaried,577,1326123,13.15,48,109703,Personal,Graduate,Single,Urban,0
L100593,29,Male,1338095,Self-Employed,432,325449,7.87,12,261412,Business,Graduate,Single,Rural,0
L100594,55,Female,485574,Salaried,706,1917070,11.36,60,441839,Business,Graduate,Single,Rural,0
L100595,54,Male,715165,Salaried,477,1904134,10.78,12,44272,Personal,Non-Graduate,Single,Urban,0
L100596,58,Male,1317192,Salaried,321,867561,13.53,60,423798,Personal,Graduate,Single,Rural,0
L100597,21,Female,729297,Self-Employed,609,1099267,10,12,113206,Education,Graduate,Married,Urban,1
L100598,51,Female,877448,Salaried,695,177888,15.28,36,59910,Home,Graduate,Married,Urban,0
L100599,46,Male,1196489,Self-Employed,582,1917467,14.74,12,264365,Business,Non-Graduate,Married,Urban,0
L100600,38,Male,1068164,Self-Employed,322,1679584,16.21,60,322409,Car,Graduate,Single,Urban,0
L100601,21,Male,792082,Salaried,713,609107,15.07,36,273140,Personal,Graduate,Married,Rural,0
L100602,28,,338894,Salaried,495,1723175,12.12,60,341791,Car,Graduate,Married,Semiurban,1
L100603,57,Female,1442959,Self-Employed,502,1460648,10.31,24,477441,Home,Non-Graduate,Married,Urban,0
L100604,24,Female,345499,Self-Employed,741,354593,12.07,24,408837,Personal,Non-Graduate,Single,Urban,0
L100605,41,Male,477382,Self-Employed,896,1157298,12.71,36,453166,Home,Non-Graduate,Single,Semiurban,0
L100606,58,Female,1448639,Self-Employed,783,61524,9.09,48,6416,Business,Non-Graduate,Single,Urban,0
L100607,27,Male,1058853,Self-Employed,578,1068505,9.89,24,425714,Personal,Non-Graduate,Married,Urban,0
L100608,31,Male,1443887,Salaried,700,302836,8.91,60,238761,Personal,Non-Graduate,Single,Semiurban,0
L100609,46,Female,210902,Salaried,397,1438114,12.95,48,34657,Car,Non-Graduate,Married,Semiurban,1
L100610,45,Male,696394,Salaried,591,1088224,15.77,60,430575,Car,Non-Graduate,Single,Rural,0
L100611,44,Male,1345318,Self-Employed,691,1823511,12.94,12,491866,Car,Non-Graduate,Single,Semiurban,0
L100612,59,Male,1128900,Salaried,370,1970351,13.34,48,269133,Home,Non-Graduate,Single,Rural,1
L100613,47,Female,914555,Self-Employed,458,1227052,10.78,60,190574,Education,Graduate,Married,Urban,0
L100614,31,Female,528171,Salaried,565,473978,10.25,24,162843,Home,Non-Graduate,Married,Semiurban,0
L100615,43,Male,1105399,Salaried,395,500453,16.03,36,478772,Home,Non-Graduate,Single,Urban,0
L100616,26,Female,825076,Self-Employed,814,1426631,9.71,60,461725,Car,Non-Graduate,Single,Rural,0
L100617,43,Male,1262759,Self-Employed,734,774968,12.63,24,107033,Education,Graduate,Single,Urban,0
L100618,36,Male,275907,Salaried,311,1257310,9.9,60,317765,Car,Non-Graduate,Married,Urban,1
L100619,27,Male,1417793,Salaried,624,1320551,8.03,24,414863,Home,Non-Graduate,Married,Urban,0
L100620,42,Male,825308,Self-Employed,580,662648,8.77,36,208945,Personal,Non-Graduate,Married,Rural,1
L100621,41,Female,1468920,Self-Employed,739,1720939,10.06,60,388639,Business,Graduate,Married,Rural,0
L100622,37,Male,457579,Self-Employed,533,1827131,14.08,12,149293,Home,Non-Graduate,Single,Semiurban,1
L100623,30,Female,412193,Salaried,561,1501141,7.89,60,308211,Business,Non-Graduate,Single,Urban,1
L100624,57,Male,541936,Salaried,542,1646999,9.18,60,84646,Business,Non-Graduate,Single,Rural,0
L100625,22,Female,761014,Salaried,,745120,16.25,12,236175,Personal,Non-Graduate,Married,Urban,0
L100626,58,Male,1008175,Self-Employed,708,1679411,8.1,12,388972,Home,Graduate,Married,Rural,0
L100627,57,Male,730608,Self-Employed,687,1227509,8.67,48,262979,Home,Graduate,Married,Urban,0
L100628,42,Female,724768,Salaried,835,1534556,12.15,24,190269,Car,Non-Graduate,Married,Urban,0
L100629,24,Male,727975,Self-Employed,793,1312219,16.28,36,40669,Car,Non-Graduate,Single,Semiurban,0
L100630,41,Male,460924,Self-Employed,422,1169901,14.37,48,1393,Car,Non-Graduate,Married,Semiurban,1
L100631,57,Male,1025912,Self-Employed,510,1934253,10.51,36,279804,Business,Graduate,Single,Urban,0
L100632,58,Female,566469,Self-Employed,594,164613,14.94,60,114490,Education,Graduate,Married,Urban,1
L100633,21,Male,1266709,Self-Employed,844,1736115,8.63,48,86775,Education,Non-Graduate,Married,Semiurban,0
L100634,50,Male,707044,Self-Employed,586,1122472,11.79,36,125405,Personal,Graduate,Married,Semiurban,0
L100635,51,Male,1481722,Salaried,432,1755708,15.31,24,368220,Business,Non-Graduate,Married,Semiurban,0
L100636,31,Male,1196144,Salaried,860,306998,12.17,12,442682,Education,Graduate,Married,Semiurban,0
L100637,27,Female,1075896,Salaried,429,543032,15.19,60,414475,Business,Non-Graduate,Married,Rural,0
L100638,29,Male,1166647,Self-Employed,511,637431,14.06,60,123503,Home,Graduate,Single,Rural,0
L100639,26,Male,976349,Self-Employed,878,964850,11.97,60,118600,Home,Graduate,Single,Rural,0
L100640,47,Male,1168924,Self-Employed,411,1886956,12.52,36,96367,Education,Non-Graduate,Single,Semiurban,1
L100641,36,Female,631491,Salaried,523,1652645,9.29,60,228570,Home,Non-Graduate,Single,Semiurban,0
L100642,31,Female,1409019,Salaried,633,1771508,13.66,60,369337,Home,Graduate,Married,Urban,0
L100643,39,Male,870497,Salaried,553,1283710,13.51,24,148004,Business,Non-Graduate,Married,Semiurban,1
L100644,40,Male,957333,Salaried,442,188226,12.73,24,317888,Car,Non-Graduate,Single,Urban,1
L100645,21,Male,1386737,Salaried,717,1512746,7.57,12,440822,Car,Non-Graduate,Married,Rural,0
L100646,38,Male,1206713,Self-Employed,545,793690,11.48,48,100511,Business,Graduate,Single,Semiurban,0
L100647,54,Female,1490761,Self-Employed,665,1466103,11.46,24,494875,Car,Non-Graduate,Single,Rural,0
L100648,45,Female,316428,Self-Employed,352,205958,14.72,48,364402,Car,Non-Graduate,Single,Semiurban,1
L100649,22,Female,745677,Self-Employed,477,413529,7.76,12,207911,Car,Graduate,Single,Urban,1
L100650,33,Female,415410,Salaried,,1965258,11.96,36,343608,Education,Graduate,Single,Semiurban,1
L100651,44,Female,1308478,Salaried,514,444653,13.2,60,135594,Education,Graduate,Married,Semiurban,0
L100652,58,Male,1132136,Self-Employed,471,1416904,9.09,24,370366,Personal,Non-Graduate,Married,Urban,0
L100653,43,Male,230173,Self-Employed,708,1591812,14.04,12,310733,Education,Non-Graduate,Single,Semiurban,1
L100654,30,Male,678889,Self-Employed,566,989214,7.69,48,57884,Personal,Non-Graduate,Married,Rural,1
L100655,30,Female,624177,Salaried,631,836526,8.08,60,249859,Education,Graduate,Single,Urban,0
L100656,57,Female,915638,Salaried,763,668568,14.89,36,79137,Personal,Non-Graduate,Married,Semiurban,0
L100657,26,Female,481340,Self-Employed,300,267579,7.71,24,66158,Home,Graduate,Single,Rural,1
L100658,58,Male,1070689,Salaried,552,1173831,7.54,48,315945,Business,Graduate,Single,Rural,0
L100659,57,Female,1068080,Self-Employed,417,77242,10.2,60,349795,Personal,Graduate,Married,Urban,0
L100660,25,Female,718582,Self-Employed,873,1950838,13.6,36,432307,Personal,Graduate,Married,Urban,0
L100661,54,Female,876348,Self-Employed,428,1684132,9.54,60,392897,Business,Graduate,Single,Urban,0
L100662,37,Male,864694,Self-Employed,377,982413,8.27,12,172147,Education,Graduate,Single,Urban,0
L100663,27,Female,1072224,Salaried,,1458902,8.64,48,44852,Education,Graduate,Single,Urban,0
L100664,36,Female,1030015,Salaried,347,370731,11.73,36,270690,Education,Graduate,Married,Urban,0
L100665,60,Female,466274,Salaried,686,1062574,14.14,12,126325,Personal,Non-Graduate,Single,Rural,0
L100666,57,Male,1311859,Self-Employed,601,358204,8.89,60,182311,Home,Non-Graduate,Single,Urban,0
L100667,43,Female,1158802,Salaried,693,105639,12.42,48,20772,Car,Graduate,Single,Rural,0
L100668,51,Male,648247,Self-Employed,581,999286,8.4,12,274661,Personal,Non-Graduate,Single,Semiurban,0
L100669,41,Female,1484584,Salaried,457,332612,9.89,12,363312,Business,Non-Graduate,Married,Semiurban,0
L100670,34,Female,1255580,Self-Employed,896,730052,12.39,60,73317,Car,Non-Graduate,Single,Urban,0
L100671,48,Male,961750,Self-Employed,774,1705674,13.85,36,206178,Home,Graduate,Single,Rural,0
L100672,32,Female,979162,Self-Employed,456,1638283,10.57,36,5867,Car,Graduate,Single,Semiurban,0
L100673,51,,1154876,Self-Employed,640,110188,8.59,48,165565,Personal,Graduate,Married,Semiurban,0
L100674,24,Male,820341,Self-Employed,,621468,8.72,24,466001,Personal,Non-Graduate,Married,Urban,0
L100675,21,Male,1039964,Salaried,401,1969451,10.29,60,210331,Personal,Non-Graduate,Single,Semiurban,0
L100676,33,Female,866577,Salaried,336,75759,15.23,12,407357,Business,Non-Graduate,Married,Urban,0
L100677,41,Male,250147,Self-Employed,678,127356,8.16,12,255455,Car,Graduate,Married,Semiurban,0
L100678,49,Male,499150,Salaried,443,425297,8.99,24,209560,Personal,Non-Graduate,Single,Urban,1
L100679,45,Female,1234326,Self-Employed,722,307493,8.01,36,37976,Personal,Non-Graduate,Single,Rural,0
L100680,56,Female,1264782,Self-Employed,862,371126,12.32,36,239928,Personal,Graduate,Single,Urban,0
L100681,25,Male,1131442,Salaried,397,797139,13.59,12,24830,Home,Non-Graduate,Married,Urban,0
L100682,23,Female,938177,Self-Employed,468,1386257,10.12,60,401785,Business,Non-Graduate,Married,Rural,0
L100683,32,Male,630971,Self-Employed,,346920,14.1,60,261566,Education,Non-Graduate,Married,Rural,0
L100684,42,Female,609039,Self-Employed,502,1545633,13.13,24,172951,Education,Non-Graduate,Single,Semiurban,0
L100685,23,Male,540884,Salaried,826,1568204,7.84,60,325303,Education,Graduate,Single,Semiurban,0
L100686,60,Female,1320820,Self-Employed,861,1496958,14.45,48,486330,Business,Graduate,Single,Semiurban,0
L100687,47,Female,563320,Salaried,759,1026123,16.21,24,225949,Car,Non-Graduate,Single,Semiurban,0
L100688,46,Male,1267262,Self-Employed,609,1991896,8.61,60,155823,Education,Graduate,Single,Urban,0
L100689,48,Female,609075,Salaried,788,56033,13.87,24,486954,Education,Graduate,Married,Rural,1
L100690,51,Male,1116509,Self-Employed,575,1521841,11.97,36,451292,Education,Non-Graduate,Married,Urban,0
L100691,48,Male,594335,Self-Employed,330,285559,15.17,48,378798,Home,Graduate,Single,Semiurban,0
L100692,43,Female,821588,Salaried,348,105904,11.53,60,362699,Personal,Graduate,Married,Rural,0
L100693,53,Male,1401096,Salaried,320,1201959,13.73,12,3022,Home,Graduate,Married,Semiurban,0
L100694,32,Female,1399899,Salaried,551,1154777,7.64,12,95903,Home,Non-Graduate,Single,Rural,0
L100695,34,Male,934388,Salaried,469,915072,8.65,48,29807,Home,Graduate,Married,Semiurban,0
L100696,58,Female,1441144,Self-Employed,391,1395902,12.61,60,476797,Business,Non-Graduate,Single,Semiurban,1
L100697,35,Male,1112306,Salaried,879,486789,10.02,60,5488,Home,Graduate,Single,Urban,0
L100698,50,Male,1493821,Self-Employed,526,1051410,14.77,24,102212,Education,Non-Graduate,Single,Urban,0
L100699,54,Female,991159,Salaried,410,1017340,7.9,12,490033,Education,Graduate,Married,Urban,0
L100700,26,Male,1367163,Salaried,809,418217,9.88,12,111961,Personal,Graduate,Single,Semiurban,0
L100701,29,Female,1285079,Self-Employed,869,747352,12.42,24,474038,Personal,Non-Graduate,Single,Rural,0
L100702,29,Female,824687,Salaried,529,830804,7.58,60,263432,Education,Graduate,Single,Semiurban,1
L100703,59,Male,230858,Salaried,424,408240,14.96,12,165495,Home,Non-Graduate,Married,Rural,1
L100704,47,Male,366126,Salaried,623,433954,7.79,12,354854,Home,Non-Graduate,Single,Rural,1
L100705,25,Male,1207095,Salaried,527,1041236,10.93,24,112578,Personal,Graduate,Single,Urban,1
L100706,55,Male,1252463,Self-Employed,756,1507910,14.14,36,414944,Business,Graduate,Married,Urban,0
L100707,22,Female,822934,Salaried,574,363631,8.42,36,354703,Personal,Non-Graduate,Married,Urban,0
L100708,34,Female,1231063,Salaried,800,1734671,8.55,48,487720,Personal,Non-Graduate,Married,Semiurban,0
L100709,28,Female,679281,Salaried,719,620901,15.68,48,318028,Home,Graduate,Single,Urban,0
L100710,25,Male,1168362,Salaried,346,1050528,12.05,48,354676,Business,Graduate,Married,Urban,0
L100711,50,Male,437281,Self-Employed,867,870305,9.19,24,316391,Education,Non-Graduate,Married,Semiurban,0
L100712,30,Female,1432103,Salaried,589,279308,15.14,24,121645,Personal,Non-Graduate,Married,Urban,0
L100713,42,Female,1207790,Self-Employed,832,1105448,9.5,36,208462,Education,Non-Graduate,Single,Semiurban,0
L100714,32,Male,1409590,Self-Employed,343,1541305,14.98,12,490755,Personal,Non-Graduate,Married,Semiurban,0
L100715,59,Male,1234225,Self-Employed,717,1171685,8.69,60,279244,Education,Graduate,Married,Rural,0
L100716,25,Female,967833,Salaried,801,282540,14.63,60,346447,Car,Non-Graduate,Single,Urban,0
L100717,22,Female,780019,Salaried,,110020,13.95,36,81002,Home,Non-Graduate,Single,Rural,0
L100718,36,Male,887333,Salaried,698,221751,15.41,48,187584,Car,Graduate,Single,Urban,0
L100719,36,Male,689018,Self-Employed,538,1462582,10.47,36,407688,Car,Non-Graduate,Married,Semiurban,0
L100720,34,Female,235290,Salaried,335,1183865,16.25,48,60686,Personal,Graduate,Single,Rural,1
L100721,26,Female,951093,Self-Employed,587,1476713,7.69,60,265922,Home,Non-Graduate,Married,Urban,0
L100722,33,Female,1112377,Salaried,557,549179,13.11,24,72718,Education,Non-Graduate,Married,Urban,1
L100723,26,Male,1321439,Self-Employed,398,687003,10.02,60,472204,Home,Graduate,Married,Semiurban,0
L100724,33,Male,353836,Self-Employed,677,1553450,9.67,60,98431,Home,Non-Graduate,Married,Semiurban,0
L100725,24,Female,665627,Self-Employed,307,820282,8.68,48,213926,Business,Non-Graduate,Married,Semiurban,1
L100726,35,Male,213131,Self-Employed,581,1450735,12.12,24,189543,Personal,Graduate,Single,Urban,1
L100727,26,Male,486582,Salaried,780,1952868,11.29,12,313865,Personal,Non-Graduate,Married,Rural,0
L100728,29,Female,1176119,Self-Employed,629,1555219,14.64,48,107541,Business,Non-Graduate,Married,Semiurban,0
L100729,60,Female,435370,Self-Employed,318,1227709,14.18,48,13770,Business,Graduate,Married,Urban,1
L100730,58,Female,774792,Salaried,878,1368567,16.2,12,379947,Car,Non-Graduate,Married,Rural,0
L100731,44,Male,682366,Self-Employed,492,54383,16.27,48,85077,Personal,Graduate,Married,Urban,0
L100732,32,Female,885233,Self-Employed,673,959990,16.05,60,288288,Education,Non-Graduate,Married,Rural,1
L100733,33,Male,436211,Salaried,523,1951600,11.61,60,353812,Car,Graduate,Married,Rural,1
L100734,28,Male,264635,Salaried,603,1048748,14.87,48,182046,Car,Graduate,Single,Rural,0
L100735,45,Male,366863,Salaried,354,227750,9.82,12,174283,Education,Non-Graduate,Single,Semiurban,1
L100736,32,Female,566886,Salaried,492,874693,12.91,60,328561,Car,Non-Graduate,Married,Semiurban,0
L100737,32,Male,1445610,Self-Employed,456,1963120,15.71,12,429541,Education,Non-Graduate,Married,Semiurban,0
L100738,38,Male,937177,Self-Employed,741,589169,11.87,12,222805,Education,Non-Graduate,Single,Urban,0
L100739,35,Female,773182,Salaried,774,1746415,9.84,36,277358,Education,Graduate,Married,Semiurban,0
L100740,43,Male,484098,Salaried,572,425528,14.66,12,38168,Education,Non-Graduate,Married,Semiurban,1
L100741,22,Male,1089716,Self-Employed,849,385845,12.36,48,438273,Home,Graduate,Single,Semiurban,0
L100742,43,Male,979185,Self-Employed,377,1680451,8.04,12,432398,Business,Graduate,Single,Urban,0
L100743,32,Female,545346,Self-Employed,304,245862,12.52,60,101777,Car,Non-Graduate,Married,Urban,1
L100744,44,Female,1060887,Self-Employed,798,1279077,7.83,60,214886,Business,Graduate,Married,Urban,0
L100745,57,Male,1048427,Self-Employed,877,1042539,9.89,12,205439,Business,Graduate,Married,Rural,1
L100746,38,Female,1490690,Salaried,645,492338,12.38,12,117551,Home,Non-Graduate,Married,Rural,1
L100747,59,Female,1336530,Salaried,683,1538580,13.09,36,256245,Education,Non-Graduate,Single,Semiurban,0
L100748,34,Female,927791,Self-Employed,673,1702025,13.73,60,146640,Car,Non-Graduate,Single,Urban,1
L100749,21,Male,577600,Self-Employed,769,1836524,7.95,36,17207,Business,Graduate,Married,Semiurban,0
L100750,60,Male,375900,Salaried,825,1513080,13.95,36,5226,Education,Graduate,Single,Semiurban,0
L100751,49,Female,1467765,Self-Employed,597,1454217,15.25,36,225689,Home,Graduate,Married,Rural,0
L100752,23,Female,946165,Self-Employed,410,220210,12.48,12,456761,Personal,Graduate,Single,Urban,1
L100753,46,Female,441142,Self-Employed,839,514452,14.26,60,276650,Personal,Graduate,Single,Rural,0
L100754,43,Female,1459321,Self-Employed,374,559935,10.35,48,6491,Car,Graduate,Married,Semiurban,0
L100755,39,Male,537649,Self-Employed,,240600,11.76,36,235568,Car,Graduate,Single,Semiurban,0
L100756,41,,289591,Salaried,458,278222,12.77,48,211419,Education,Graduate,Single,Urban,1
L100757,32,Male,906332,Salaried,457,1660491,16.33,36,106547,Personal,Non-Graduate,Single,Urban,0
L100758,38,Male,1033248,Self-Employed,759,887143,10.88,48,362382,Home,Graduate,Married,Rural,0
L100759,29,Female,1262699,Self-Employed,826,141348,8.93,48,174614,Education,Graduate,Married,Semiurban,0
L100760,25,Male,1049715,Self-Employed,742,1283968,8.42,24,33200,Education,Non-Graduate,Married,Urban,0
L100761,60,Female,1476923,Salaried,412,864581,13.13,48,340353,Home,Non-Graduate,Married,Rural,1
L100762,38,Male,740966,Salaried,878,318763,13.56,36,372211,Personal,Non-Graduate,Single,Urban,0
L100763,23,Female,412404,Salaried,759,1054373,13.14,48,432096,Business,Graduate,Married,Urban,0
L100764,40,Male,1108848,Self-Employed,809,1705615,15.26,60,398850,Business,Non-Graduate,Single,Urban,0
L100765,43,Female,453126,Self-Employed,690,1796132,11.96,60,12957,Car,Non-Graduate,Married,Rural,0
L100766,50,Female,966014,Self-Employed,887,533385,16.44,12,227302,Home,Non-Graduate,Single,Semiurban,0
L100767,54,Female,1024113,Self-Employed,782,1007058,15.19,60,399212,Home,Graduate,Married,Urban,0
L100768,24,Female,534928,Self-Employed,307,432319,14.88,48,257828,Car,Graduate,Single,Rural,0
L100769,49,Female,531929,Salaried,793,569557,13.43,60,299538,Car,Graduate,Single,Rural,0
L100770,37,Male,992195,Salaried,625,1678270,8.57,24,298207,Education,Graduate,Married,Rural,0
L100771,34,Female,438031,Self-Employed,540,171230,9.56,48,115697,Personal,Non-Graduate,Married,Urban,1
L100772,23,Male,1388765,Self-Employed,460,476321,9.03,36,315351,Personal,Non-Graduate,Single,Semiurban,0
L100773,46,Female,1446666,Salaried,488,1913388,10.67,12,133637,Business,Graduate,Married,Urban,1
L100774,30,Female,1204028,Salaried,734,1127834,13.6,48,321883,Car,Non-Graduate,Single,Urban,0
L100775,52,Female,655981,Self-Employed,471,1612033,14.94,48,117094,Education,Graduate,Married,Semiurban,0
L100776,48,Female,994073,Salaried,445,1465584,12.48,60,278334,Personal,Non-Graduate,Married,Urban,0
L100777,30,Male,1317107,Salaried,482,1236751,16.08,48,14518,Education,Non-Graduate,Single,Semiurban,1
L100778,30,Female,590253,Salaried,517,529259,12.9,24,419936,Education,Non-Graduate,Married,Semiurban,1
L100779,47,Female,1114744,Self-Employed,476,1684750,8.79,36,225849,Home,Graduate,Single,Semiurban,0
L100780,50,Male,1342518,Salaried,900,139405,7.78,48,116654,Home,Graduate,Single,Urban,0
L100781,39,Male,1140215,Salaried,427,1619007,9.47,36,423342,Home,Graduate,Single,Rural,0
L100782,54,Male,1238239,Salaried,620,678123,12.25,12,394273,Car,Non-Graduate,Single,Semiurban,0
L100783,55,Female,1208303,Self-Employed,640,1414167,14.23,24,259769,Car,Graduate,Married,Semiurban,0
L100784,25,Male,783250,Salaried,393,1123736,7.98,24,427469,Car,Graduate,Married,Semiurban,0
L100785,54,Female,1439416,Self-Employed,304,1111150,8.04,12,70836,Home,Graduate,Married,Rural,0
L100786,37,Female,703595,Self-Employed,395,325646,12.97,24,388088,Home,Graduate,Married,Semiurban,0
L100787,36,Male,816885,Salaried,775,205316,15.47,36,330004,Car,Non-Graduate,Single,Rural,0
L100788,36,Female,531967,Salaried,554,413568,10.49,12,437465,Personal,Graduate,Single,Rural,0
L100789,21,Female,1454461,Salaried,543,652078,15.02,24,394148,Personal,Graduate,Single,Semiurban,0
L100790,36,Male,777124,Self-Employed,611,955988,14.68,48,492340,Business,Non-Graduate,Married,Semiurban,0
L100791,31,Male,360603,Self-Employed,,1829042,15.79,36,194729,Home,Graduate,Single,Urban,1
L100792,35,Female,244364,Self-Employed,363,1905552,11.02,24,444952,Car,Graduate,Married,Rural,1
L100793,21,Male,1114224,Salaried,605,765703,13.93,12,473107,Education,Non-Graduate,Single,Semiurban,0
L100794,27,Female,1488009,Self-Employed,498,1045217,15.81,24,14592,Business,Non-Graduate,Single,Rural,0
L100795,33,Female,885359,Self-Employed,869,1097908,8.62,48,22660,Personal,Graduate,Married,Rural,1
L100796,36,Female,445081,Self-Employed,587,1222219,9.39,60,427270,Business,Non-Graduate,Married,Semiurban,1
L100797,22,Female,1190533,Salaried,479,1062820,10.45,60,362602,Car,Graduate,Married,Semiurban,1
L100798,47,Male,385824,Salaried,481,72705,9.92,12,118090,Personal,Graduate,Single,Semiurban,1
L100799,30,Male,925568,Self-Employed,388,268959,11.97,48,164548,Business,Graduate,Married,Rural,1
L100800,24,Male,798970,Salaried,806,1297195,9.04,36,120423,Personal,Graduate,Single,Rural,0
L100801,50,Male,1193203,Self-Employed,604,339501,8.69,24,214650,Car,Non-Graduate,Single,Rural,1
L100802,59,Female,959179,Salaried,741,859313,14.49,60,343724,Personal,Non-Graduate,Married,Urban,0
L100803,40,Male,964391,Salaried,598,108074,8.07,48,13628,Car,Non-Graduate,Single,Semiurban,0
L100804,45,Female,422687,Self-Employed,561,146189,11.59,12,160678,Home,Non-Graduate,Married,Urban,1
L100805,57,Male,949461,Salaried,334,705170,11.07,48,377752,Business,Non-Graduate,Married,Urban,0
L100806,22,Male,441972,Salaried,649,588223,11.59,36,98985,Education,Graduate,Single,Urban,1
L100807,39,Male,367670,Self-Employed,826,170702,9.08,48,57660,Car,Non-Graduate,Married,Urban,0
L100808,51,Male,1011791,Self-Employed,300,1617672,11.4,36,375313,Car,Graduate,Single,Semiurban,0
L100809,33,Male,1108243,Salaried,334,1194826,9.67,60,355789,Car,Graduate,Married,Rural,0
L100810,54,,1360754,Self-Employed,684,1459604,15,24,359766,Home,Graduate,Single,Rural,0
L100811,23,Female,404813,Salaried,671,1157240,13.79,24,391352,Home,Graduate,Married,Rural,1
L100812,60,Male,567521,Salaried,795,1167748,10.41,36,441289,Business,Non-Graduate,Married,Semiurban,0
L100813,48,Male,1017707,Self-Employed,623,963199,8.93,36,322395,Personal,Graduate,Married,Urban,0
L100814,29,Female,757219,Self-Employed,635,1827702,10.36,24,99218,Home,Graduate,Married,Semiurban,0
L100815,23,Female,1065795,Salaried,703,977058,15.98,48,398779,Home,Graduate,Single,Semiurban,0
L100816,35,Female,512252,Salaried,845,1446069,12.05,24,278527,Home,Graduate,Married,Semiurban,1
L100817,28,Male,600225,Self-Employed,511,1921014,15.77,60,462499,Personal,Non-Graduate,Single,Semiurban,1
L100818,32,Female,470804,Salaried,410,998541,14.12,24,390966,Business,Graduate,Single,Rural,1
L100819,58,Male,773792,Salaried,680,1014537,16.2,24,95042,Home,Non-Graduate,Single,Urban,0
L100820,37,Male,783657,Self-Employed,389,1518902,8.4,24,434412,Personal,Graduate,Single,Rural,0
L100821,30,Female,705938,Salaried,594,542623,16.01,36,24448,Car,Non-Graduate,Married,Rural,0
L100822,39,Male,1276763,Salaried,617,1779806,13.93,12,196384,Education,Non-Graduate,Married,Rural,1
L100823,33,Female,368003,Self-Employed,765,569810,16.46,60,23871,Personal,Non-Graduate,Married,Urban,0
L100824,27,Male,246818,Self-Employed,355,600673,8.57,12,448785,Education,Graduate,Married,Semiurban,1
L100825,40,Male,1325297,Salaried,498,1074524,8.51,36,15816,Business,Non-Graduate,Married,Urban,0
L100826,57,Female,1034174,Self-Employed,777,848648,13.55,60,173016,Education,Non-Graduate,Single,Urban,0
L100827,51,Male,457214,Salaried,802,859100,13.9,24,143632,Business,Non-Graduate,Married,Semiurban,0
L100828,58,Male,334757,Self-Employed,745,619567,12.51,24,267659,Home,Non-Graduate,Single,Urban,0
L100829,23,Male,1156520,Salaried,746,98660,12.3,24,341764,Personal,Non-Graduate,Married,Semiurban,0
L100830,34,Female,598338,Salaried,809,1849977,12.13,24,338474,Business,Non-Graduate,Single,Rural,0
L100831,28,Male,795044,Self-Employed,447,1880799,10.09,60,56849,Education,Non-Graduate,Single,Semiurban,0
L100832,44,Male,1190404,Salaried,520,1786653,16.15,48,122900,Education,Non-Graduate,Single,Urban,0
L100833,49,Female,1374068,Self-Employed,876,1755796,8.88,36,46355,Business,Non-Graduate,Married,Rural,0
L100834,54,,600505,Self-Employed,335,292709,11.28,36,143704,Personal,Graduate,Married,Urban,0
L100835,28,Male,603023,Salaried,873,174162,14.51,36,493959,Business,Non-Graduate,Married,Rural,0
L100836,25,Male,336948,Salaried,642,306610,13.97,24,82239,Car,Non-Graduate,Married,Semiurban,0
L100837,24,Male,992434,Self-Employed,649,1449383,7.64,60,123945,Business,Graduate,Married,Urban,0
L100838,51,Male,1079196,Salaried,784,1817670,10.12,60,240953,Business,Non-Graduate,Married,Semiurban,0
L100839,30,Female,948278,Self-Employed,796,624955,15.51,36,236847,Business,Graduate,Single,Semiurban,0
L100840,39,Male,293910,Salaried,434,659984,9.17,36,354536,Personal,Non-Graduate,Single,Rural,1
L100841,30,Male,323031,Self-Employed,706,1630438,15.57,24,48691,Personal,Graduate,Single,Urban,0
L100842,60,Female,407162,Salaried,430,448995,16.37,48,271742,Home,Non-Graduate,Married,Semiurban,1
L100843,28,Male,838818,Self-Employed,449,1809727,10.12,48,239222,Personal,Non-Graduate,Single,Rural,0
L100844,60,Female,928699,Salaried,756,635458,10.21,48,57110,Personal,Graduate,Single,Semiurban,0
L100845,38,Female,676190,Self-Employed,720,761004,13.81,36,257917,Car,Graduate,Single,Rural,0
L100846,28,Female,906854,Self-Employed,734,553378,15.23,12,328214,Business,Non-Graduate,Married,Rural,0
L100847,37,Female,218475,Salaried,516,148193,12.6,48,5291,Business,Graduate,Single,Rural,1
L100848,23,Female,844766,Self-Employed,492,1714048,8.73,48,394601,Education,Non-Graduate,Single,Rural,0
L100849,57,Female,309800,Self-Employed,725,887449,13.8,36,448148,Personal,Graduate,Single,Rural,1
L100850,53,Male,256484,Salaried,757,752995,8.57,24,341150,Education,Non-Graduate,Married,Rural,1
L100851,44,Female,369227,Self-Employed,530,1368696,8.52,12,29668,Car,Graduate,Single,Rural,1
L100852,38,Male,744831,Self-Employed,415,838246,14.45,24,246923,Car,Graduate,Married,Semiurban,0
L100853,54,Male,832480,Self-Employed,841,63438,7.93,48,169212,Personal,Non-Graduate,Single,Semiurban,0
L100854,50,Female,713329,Salaried,707,743734,13.32,48,232193,Car,Non-Graduate,Single,Urban,0
L100855,45,Female,894865,Salaried,839,1345671,12.76,24,220488,Education,Graduate,Single,Urban,0
L100856,35,Male,1098547,Self-Employed,665,1722812,15.27,12,235411,Education,Graduate,Single,Semiurban,0
L100857,39,Male,402496,Salaried,417,1736749,9.34,60,326557,Personal,Graduate,Married,Semiurban,1
L100858,27,Female,643123,Salaried,778,1471902,12.1,48,379171,Business,Graduate,Married,Urban,0
L100859,32,Male,1495725,Salaried,504,178836,11.8,36,184357,Car,Graduate,Single,Rural,1
L100860,42,Female,789359,Salaried,344,1368310,15.66,48,73402,Personal,Non-Graduate,Married,Semiurban,0
L100861,26,Female,1228460,Salaried,521,1067421,12.38,12,35113,Home,Non-Graduate,Married,Urban,0
L100862,26,Male,698303,Salaried,612,1703483,13.17,36,285271,Business,Graduate,Single,Urban,0
L100863,28,,933992,Salaried,775,599709,11.79,60,119774,Home,Non-Graduate,Single,Semiurban,0
L100864,34,Male,259366,Salaried,356,1822695,8.75,12,378935,Education,Graduate,Single,Rural,1
L100865,50,Female,1197047,Self-Employed,771,936035,12.78,12,148880,Personal,Graduate,Married,Semiurban,0
L100866,47,Female,536280,Salaried,589,1478245,11.85,60,385893,Education,Non-Graduate,Single,Urban,0
L100867,59,Male,304388,Self-Employed,897,564333,9.21,36,420321,Home,Graduate,Single,Rural,0
L100868,36,Female,892582,Self-Employed,649,740642,9.37,36,313549,Business,Non-Graduate,Married,Urban,0
L100869,33,Male,1408253,Salaried,616,1530071,9.47,36,96454,Personal,Graduate,Single,Rural,0
L100870,56,Female,1186771,Self-Employed,412,728341,11.94,24,214337,Car,Graduate,Married,Rural,0
L100871,57,Male,1212138,Salaried,560,1480528,7.55,12,119382,Personal,Non-Graduate,Married,Urban,0
L100872,60,,1221366,Salaried,312,1477611,12.87,48,383667,Car,Graduate,Single,Urban,0
L100873,30,Male,1235797,Self-Employed,673,506492,14.08,36,355914,Home,Graduate,Married,Urban,1
L100874,21,Male,1072070,Self-Employed,748,1961338,10.66,24,354340,Car,Graduate,Married,Rural,1
L100875,37,Male,732512,Self-Employed,790,969406,14.16,24,402219,Home,Non-Graduate,Single,Semiurban,0
L100876,21,Female,710893,Self-Employed,357,683277,10.84,60,362079,Education,Graduate,Single,Urban,1
L100877,46,Male,224282,Salaried,840,1569337,7.84,60,235552,Education,Graduate,Married,Urban,0
L100878,53,Female,1432652,Self-Employed,564,762109,13.43,12,408420,Personal,Graduate,Married,Urban,0
L100879,50,Female,1143066,Self-Employed,766,1643333,9.16,12,212609,Car,Graduate,Single,Semiurban,0
L100880,40,Male,1042912,Self-Employed,538,121119,15.53,48,192114,Car,Graduate,Married,Rural,0
L100881,41,Male,331078,Salaried,476,459221,7.88,48,114288,Car,Graduate,Single,Rural,1
L100882,49,Male,731343,Self-Employed,812,1644859,11.15,48,78530,Education,Non-Graduate,Married,Semiurban,0
L100883,47,Male,1057803,Self-Employed,877,129294,11.53,12,54149,Business,Graduate,Single,Urban,0
L100884,29,,1164111,Salaried,756,724447,8.81,60,6134,Car,Non-Graduate,Single,Semiurban,1
L100885,53,Female,856643,Salaried,857,837405,8.89,24,288220,Personal,Graduate,Married,Semiurban,0
L100886,57,Male,665434,Self-Employed,573,572642,9.57,12,136243,Personal,Graduate,Married,Semiurban,0
L100887,27,Male,225227,Salaried,409,1151314,12.19,36,272102,Education,Non-Graduate,Single,Semiurban,1
L100888,56,Male,1293147,Salaried,460,254983,9.12,48,414530,Home,Graduate,Single,Urban,0
L100889,22,Male,778920,Self-Employed,795,1365149,9.56,60,62792,Business,Non-Graduate,Single,Rural,1
L100890,53,Male,388718,Self-Employed,438,1155827,10.97,24,455071,Car,Non-Graduate,Married,Semiurban,1
L100891,24,Female,329640,Salaried,896,940605,14.33,24,395033,Education,Non-Graduate,Single,Semiurban,0
L100892,58,Male,634138,Self-Employed,609,768595,8.91,24,120940,Business,Non-Graduate,Married,Semiurban,0
L100893,55,Male,870864,Self-Employed,463,524611,7.6,60,89954,Education,Graduate,Married,Rural,0
L100894,22,Female,576583,Salaried,890,1323164,8.99,12,220166,Personal,Graduate,Married,Rural,0
L100895,35,Male,249238,Salaried,671,729569,13.82,24,377653,Education,Non-Graduate,Married,Rural,0
L100896,59,Male,1139741,Salaried,710,774716,14.6,36,246026,Education,Non-Graduate,Married,Semiurban,0
L100897,50,Male,424250,Salaried,579,1874626,15.92,48,256671,Personal,Non-Graduate,Single,Urban,1
L100898,56,Female,1484137,Salaried,663,980476,11.31,24,223391,Home,Non-Graduate,Single,Rural,0
L100899,51,Female,442824,Self-Employed,395,500292,13.86,48,35453,Personal,Graduate,Single,Rural,1
L100900,47,Female,610683,Salaried,518,1306279,16.44,24,151248,Education,Graduate,Married,Semiurban,0
L100901,39,Female,252709,Salaried,675,603167,9.27,36,295409,Education,Non-Graduate,Married,Semiurban,0
L100902,60,Female,1318008,Salaried,512,667543,9.73,48,283339,Education,Graduate,Single,Rural,0
L100903,30,Female,1451086,Self-Employed,772,463399,8.97,36,226198,Business,Non-Graduate,Married,Rural,0
L100904,40,Male,633306,Salaried,464,507445,10.74,48,324461,Education,Graduate,Single,Semiurban,0
L100905,35,Female,458733,Self-Employed,580,420859,13.51,36,213559,Home,Graduate,Married,Urban,1
L100906,35,Male,1001993,Self-Employed,817,1770743,12.52,60,475548,Home,Graduate,Single,Rural,0
L100907,34,Male,330395,Salaried,847,1132865,14.58,24,111685,Home,Non-Graduate,Married,Urban,1
L100908,38,Male,840353,Self-Employed,400,1800957,9.9,36,257546,Home,Non-Graduate,Single,Urban,0
L100909,57,Male,1183710,Self-Employed,872,1778224,11.31,36,264358,Business,Non-Graduate,Single,Rural,0
L100910,23,Female,875916,Self-Employed,381,678205,12.29,60,308643,Car,Non-Graduate,Single,Semiurban,1
L100911,49,Female,208649,Salaried,635,1944521,15.76,60,457882,Car,Graduate,Single,Rural,0
L100912,35,Male,1206336,Self-Employed,735,1674017,8.6,60,163822,Business,Non-Graduate,Single,Rural,0
L100913,22,Male,1112644,Self-Employed,660,1767504,15.55,60,14224,Education,Non-Graduate,Single,Semiurban,0
L100914,40,Male,616040,Salaried,844,931061,8.66,48,455752,Personal,Graduate,Single,Rural,1
L100915,43,Male,913942,Salaried,404,1383455,15,48,421946,Education,Graduate,Married,Semiurban,1
L100916,40,Female,1068368,Self-Employed,592,833585,14.58,36,409983,Personal,Non-Graduate,Single,Urban,0
L100917,42,Female,662877,Self-Employed,531,54154,12.77,48,206053,Car,Graduate,Single,Semiurban,1
L100918,40,Female,357256,Salaried,701,266786,8.68,12,308850,Car,Non-Graduate,Married,Rural,0
L100919,46,Male,873976,Self-Employed,484,156997,9.79,24,120410,Education,Non-Graduate,Married,Urban,0
L100920,35,Female,954087,Self-Employed,561,1679260,9.93,12,218101,Business,Non-Graduate,Married,Rural,0
L100921,45,Male,824665,Salaried,516,1122422,8.46,48,375596,Car,Graduate,Single,Semiurban,1
L100922,22,Female,1341042,Self-Employed,851,651615,15.4,48,149837,Education,Graduate,Married,Rural,0
L100923,50,Female,1050562,Self-Employed,407,447430,16.24,48,3422,Business,Graduate,Married,Semiurban,0
L100924,37,Male,796782,Self-Employed,669,1224632,8.15,12,224942,Personal,Graduate,Single,Semiurban,0
L100925,53,Female,278859,Self-Employed,346,1210904,7.73,12,3939,Home,Graduate,Married,Semiurban,1
L100926,30,Female,1405519,Salaried,558,498015,14.88,12,180656,Home,Non-Graduate,Single,Rural,1
L100927,60,Male,1184485,Self-Employed,598,1167831,11.84,24,199984,Business,Non-Graduate,Married,Rural,1
L100928,34,Female,962570,Salaried,322,1871583,12.69,36,268499,Education,Non-Graduate,Married,Semiurban,0
L100929,22,Female,1428418,Salaried,627,261705,10.05,12,361236,Home,Non-Graduate,Married,Urban,0
L100930,50,Female,1102300,Salaried,586,843602,9,36,29328,Personal,Non-Graduate,Married,Urban,0
L100931,45,Male,1014718,Self-Employed,312,237204,8.35,36,416655,Car,Graduate,Married,Rural,0
L100932,58,Female,362362,Self-Employed,792,682001,7.7,24,154173,Personal,Graduate,Single,Semiurban,0
L100933,50,Female,1154569,Salaried,709,811130,10.66,36,243503,Home,Non-Graduate,Single,Semiurban,0
L100934,53,Female,1273886,Salaried,530,414612,12.15,48,110281,Education,Non-Graduate,Single,Rural,0
L100935,55,Female,553976,Salaried,865,322974,11.16,24,483936,Car,Non-Graduate,Married,Rural,0
L100936,41,Female,460528,Salaried,467,886744,8.21,60,74075,Personal,Non-Graduate,Single,Rural,1
L100937,26,Male,702932,Self-Employed,606,1826384,8.01,12,383580,Business,Graduate,Married,Rural,0
L100938,21,Male,835234,Salaried,838,1317296,13.57,60,5647,Personal,Graduate,Married,Urban,0
L100939,45,Male,259141,Self-Employed,729,1657350,15.07,60,480080,Home,Non-Graduate,Single,Rural,0
L100940,37,Female,1141313,Salaried,558,396298,12.7,24,95989,Car,Graduate,Married,Urban,1
L100941,41,Male,1259692,Self-Employed,858,880908,7.56,48,236443,Education,Graduate,Married,Urban,0
L100942,26,Female,1132382,Self-Employed,662,1902580,7.95,60,435167,Business,Graduate,Married,Urban,0
L100943,44,Male,332785,Salaried,,365689,12.76,48,429089,Business,Non-Graduate,Married,Rural,1
L100944,59,Male,1158612,Salaried,833,292091,11.46,12,278685,Business,Graduate,Married,Semiurban,0
L100945,43,Male,550082,Self-Employed,798,1083813,12.03,48,296953,Personal,Non-Graduate,Single,Semiurban,0
L100946,24,Male,1251098,Salaried,308,56505,7.94,36,138518,Education,Non-Graduate,Married,Urban,0
L100947,59,Male,1352224,Self-Employed,325,1717696,11.98,48,275065,Home,Graduate,Married,Semiurban,0
L100948,35,Female,581846,Self-Employed,556,128979,12.2,24,261581,Car,Non-Graduate,Married,Rural,0
L100949,54,Female,847658,Salaried,555,67668,14.05,12,219340,Personal,Non-Graduate,Single,Rural,0
L100950,52,Female,1463385,Self-Employed,505,824682,10.8,24,430247,Car,Non-Graduate,Married,Urban,1
L100951,29,Male,968181,Salaried,587,1385457,8.6,36,84348,Education,Non-Graduate,Single,Urban,1
L100952,48,Male,373105,Salaried,818,906019,12.52,12,439975,Personal,Graduate,Married,Urban,1
L100953,43,Female,602969,Salaried,470,1137417,12.71,12,439794,Personal,Non-Graduate,Single,Rural,0
L100954,51,Male,1287658,Self-Employed,648,454816,13.71,36,239340,Business,Graduate,Married,Urban,0
L100955,37,Male,431288,Self-Employed,583,1879466,8.35,36,341690,Home,Non-Graduate,Married,Urban,1
L100956,28,Male,861343,Salaried,778,570574,16.39,48,278316,Personal,Non-Graduate,Married,Rural,0
L100957,46,Female,1448959,Self-Employed,516,834236,11.5,60,197548,Personal,Graduate,Married,Urban,0
L100958,55,Male,1269418,Salaried,665,1236964,8.09,60,321729,Personal,Graduate,Single,Rural,0
L100959,53,Male,1287648,Salaried,878,929993,13.66,48,321293,Education,Graduate,Married,Rural,1
L100960,58,Female,247144,Self-Employed,536,168387,15.49,12,146033,Business,Graduate,Married,Semiurban,1
L100961,48,Male,479135,Salaried,533,1876958,10.3,60,352439,Home,Non-Graduate,Single,Semiurban,1
L100962,49,Male,1451582,Self-Employed,566,775484,7.74,36,382606,Business,Non-Graduate,Married,Rural,0
L100963,26,Male,464807,Self-Employed,618,799747,11.98,24,141974,Home,Non-Graduate,Married,Rural,0
L100964,23,Male,999399,Self-Employed,392,1795591,14.11,60,89801,Business,Non-Graduate,Married,Semiurban,0
L100965,50,Female,992937,Salaried,617,405555,11.34,48,348384,Home,Non-Graduate,Single,Urban,0
L100966,23,Female,1136155,Salaried,674,1917478,14.56,60,442566,Car,Non-Graduate,Single,Semiurban,1
L100967,43,Female,679247,Salaried,585,1644640,9.04,60,159262,Business,Non-Graduate,Married,Rural,0
L100968,54,Male,401295,Salaried,320,868789,8.87,12,338480,Personal,Graduate,Married,Urban,1
L100969,59,Male,1178214,Self-Employed,470,690845,13.28,36,241281,Business,Non-Graduate,Married,Urban,1
L100970,30,Male,1376640,Salaried,576,1785585,11.81,24,239763,Business,Graduate,Married,Urban,0
L100971,40,Female,962654,Salaried,867,1947175,12.32,36,425305,Personal,Graduate,Single,Urban,0
L100972,39,Male,1282567,Self-Employed,639,190773,12.39,48,171359,Home,Graduate,Married,Rural,0
L100973,59,Female,1386378,Salaried,388,477455,10.32,60,418349,Education,Non-Graduate,Married,Rural,0
L100974,54,Female,1032694,Self-Employed,338,123913,14.7,36,145404,Car,Non-Graduate,Single,Semiurban,0
L100975,31,Female,1255392,Self-Employed,648,809037,13.61,36,308292,Education,Graduate,Single,Urban,0
L100976,47,Female,787536,Self-Employed,,1564472,9.12,60,253709,Personal,Non-Graduate,Married,Rural,0
L100977,34,Male,897361,Self-Employed,398,1630699,10.04,60,239639,Education,Non-Graduate,Single,Semiurban,0
L100978,53,Female,800763,Salaried,380,1169048,8.59,24,371727,Car,Non-Graduate,Single,Semiurban,0
L100979,37,Female,896479,Salaried,379,370425,8.11,24,184645,Car,Non-Graduate,Married,Urban,1
L100980,55,Female,287184,Self-Employed,703,1024306,10.95,48,279954,Education,Graduate,Single,Urban,0
L100981,34,Male,1243198,Self-Employed,308,1765787,13.19,36,177089,Home,Non-Graduate,Single,Semiurban,0
L100982,31,Female,683100,Salaried,634,1968962,11.76,12,299059,Home,Graduate,Married,Urban,0
L100983,36,Male,468611,Salaried,754,1292041,8.97,24,251213,Business,Non-Graduate,Married,Rural,0
L100984,48,Female,1412585,Self-Employed,855,803074,11.68,60,152979,Personal,Graduate,Single,Rural,0
L100985,40,Male,581848,Salaried,489,548081,9.69,12,205203,Business,Graduate,Single,Semiurban,0
L100986,22,Male,1212519,Self-Employed,605,1873178,10.03,24,111006,Personal,Graduate,Married,Urban,1
L100987,49,Female,1256154,Self-Employed,813,1175959,8.22,48,341741,Home,Non-Graduate,Married,Rural,0
L100988,48,Male,1340809,Self-Employed,869,1218806,14.92,12,476160,Business,Graduate,Single,Rural,0
L100989,23,Male,246240,Self-Employed,884,1909679,15.04,24,247601,Business,Non-Graduate,Single,Urban,0
L100990,47,Male,618400,Salaried,527,870926,9.89,48,92953,Car,Non-Graduate,Single,Semiurban,1
L100991,42,Male,364032,Salaried,696,1958906,11.65,48,160954,Education,Graduate,Single,Semiurban,1
L100992,56,Female,327974,Self-Employed,831,1110835,15.62,24,269143,Business,Graduate,Single,Semiurban,0
L100993,51,Male,1384365,Salaried,812,270445,9.94,48,414170,Car,Non-Graduate,Single,Urban,0
L100994,30,Male,1189051,Salaried,808,473996,15.69,36,274973,Education,Non-Graduate,Single,Urban,0
L100995,33,Male,775674,Salaried,749,867257,13.81,60,112901,Personal,Graduate,Married,Rural,0
L100996,23,Female,755423,Self-Employed,616,614859,10.95,12,181899,Personal,Non-Graduate,Married,Rural,0
L100997,25,Male,1387623,Salaried,658,1706078,15.51,24,63373,Education,Non-Graduate,Married,Rural,0
L100998,59,Male,847961,Salaried,688,761184,14.88,36,61993,Education,Graduate,Married,Urban,0
L100999,26,Female,452361,Self-Employed,638,340747,12.95,24,356825,Business,Non-Graduate,Married,Rural,0
L101000,29,Male,306065,Self-Employed,840,700969,9.81,24,264843,Car,Graduate,Single,Urban,0
L101001,58,Female,557797,Self-Employed,716,1029182,14.26,12,37718,Education,Non-Graduate,Married,Semiurban,0
L100002,47,Male,550013,Self-Employed,615,82523,13.13,24,5146,Car,Graduate,Single,Rural,1
L100003,23,Male,232820,Self-Employed,540,630358,13.62,24,389461,Home,Graduate,Single,Rural,1
L100004,34,Male,654664,Salaried,747,864306,11.93,36,396392,Personal,Graduate,Married,Semiurban,0
L100005,36,Male,705982,Salaried,742,451718,15.68,24,120753,Business,Graduate,Married,Urban,0
L100006,48,Female,507174,Salaried,327,1772170,9.69,24,302736,Personal,Non-Graduate,Single,Rural,0
L100007,45,Female,1125922,Salaried,551,1798859,12.19,12,428790,Personal,Graduate,Single,Rural,0
L100008,24,Female,1072698,Salaried,613,872760,12.89,12,439482,Car,Graduate,Single,Semiurban,0
L100009,48,Female,429662,Self-Employed,,705944,12.16,12,66257,Education,Non-Graduate,Single,Rural,1
L100010,22,,300872,Self-Employed,626,682873,10.66,36,297118,Home,Graduate,Single,Urban,1
L100011,23,Male,872207,Salaried,,641846,10.4,60,112035,Education,Graduate,Single,Urban,1
